,Mother_Eductaion,Binned_Revision_Time,Father_Education,Wants_Higher_Education,Age,Past_Class_Failures,Week_Drugs_Consumption,Abscence,Extra_Activities,Internet_Access,Final_grade,r√©ussir,General_Average
0,4,Medium_time,4,yes,18,0,1,6,no,no,Low,No,5.666666666666667
1,1,Medium_time,1,yes,17,0,1,4,no,yes,Low,No,5.333333333333333
2,1,Medium_time,1,yes,15,3,3,10,no,yes,Low,No,8.333333333333334
3,4,long_time,2,yes,15,0,1,2,yes,yes,High,Yes,14.666666666666666
4,3,Medium_time,3,yes,16,0,2,4,no,no,Low,No,8.666666666666666
5,4,Medium_time,3,yes,16,0,2,10,yes,yes,High,Yes,15.0
6,2,Medium_time,2,yes,16,0,1,0,no,yes,Medium,Yes,11.666666666666666
7,4,Medium_time,4,yes,17,0,1,6,no,no,Low,No,5.666666666666667
8,3,Medium_time,2,yes,15,0,1,0,no,yes,High,Yes,17.666666666666668
9,3,Medium_time,4,yes,15,0,1,0,yes,yes,High,Yes,14.666666666666666
10,4,Medium_time,4,yes,15,0,2,0,no,yes,Low,No,9.0
11,2,long_time,1,yes,15,0,1,4,yes,yes,Medium,Yes,11.333333333333334
12,4,short_time,4,yes,15,0,3,2,yes,yes,Medium,Yes,14.0
13,4,Medium_time,3,yes,15,0,2,2,no,yes,Medium,Yes,10.333333333333334
14,2,long_time,2,yes,15,0,1,0,no,yes,High,Yes,15.333333333333334
15,4,short_time,4,yes,16,0,2,4,no,yes,Medium,Yes,14.0
16,4,long_time,4,yes,16,0,2,6,yes,yes,Medium,Yes,13.666666666666666
17,3,Medium_time,3,yes,16,0,1,4,yes,no,Medium,No,9.333333333333334
18,3,short_time,2,yes,17,3,4,16,yes,yes,Low,No,5.333333333333333
19,4,short_time,3,yes,16,0,3,4,yes,yes,Medium,No,9.333333333333334
20,4,Medium_time,3,yes,15,0,1,0,no,yes,Medium,Yes,14.0
21,4,short_time,4,yes,15,0,1,0,no,yes,Medium,Yes,14.0
22,4,Medium_time,2,yes,16,0,3,2,yes,yes,High,Yes,15.333333333333334
23,2,Medium_time,2,yes,16,0,4,0,yes,yes,Medium,Yes,12.666666666666666
24,2,long_time,4,yes,15,0,1,2,yes,yes,Low,No,9.0
25,2,short_time,2,yes,16,2,3,14,no,yes,Low,No,7.666666666666667
26,2,short_time,2,yes,15,0,2,2,no,yes,Medium,Yes,11.666666666666666
27,4,short_time,2,yes,15,0,4,4,no,yes,High,Yes,15.333333333333334
28,3,Medium_time,4,yes,16,0,1,4,yes,yes,Medium,Yes,11.0
29,4,Medium_time,4,yes,16,0,5,16,yes,yes,Medium,Yes,11.0
30,4,Medium_time,4,yes,15,0,4,0,no,yes,Medium,Yes,10.666666666666666
31,4,Medium_time,4,yes,15,0,1,0,yes,yes,High,Yes,16.666666666666668
32,4,Medium_time,3,yes,15,0,1,0,yes,yes,High,Yes,16.333333333333332
33,3,Medium_time,3,yes,15,0,1,0,yes,yes,Medium,Yes,10.0
34,3,short_time,2,yes,16,0,1,0,no,yes,Medium,Yes,13.666666666666666
35,2,short_time,3,yes,15,0,1,0,yes,no,Low,No,7.0
36,4,long_time,3,yes,15,0,1,2,yes,yes,High,Yes,16.333333333333332
37,4,long_time,4,yes,16,0,1,7,yes,yes,High,Yes,15.333333333333334
38,3,long_time,4,yes,15,0,1,2,yes,yes,Medium,Yes,11.666666666666666
39,2,short_time,2,yes,15,0,1,8,yes,no,Medium,Yes,13.333333333333334
40,2,Medium_time,2,yes,16,1,2,25,yes,yes,Medium,No,9.333333333333334
41,4,short_time,4,yes,15,0,4,8,no,yes,Medium,Yes,12.0
42,4,Medium_time,4,yes,15,0,1,2,yes,yes,High,Yes,18.333333333333332
43,2,short_time,2,yes,15,0,1,0,no,yes,Low,No,9.0
44,2,Medium_time,2,yes,16,1,2,14,yes,yes,Medium,No,9.666666666666666
45,4,Medium_time,3,yes,15,0,1,8,yes,yes,Low,No,7.333333333333333
46,3,Medium_time,3,yes,16,0,4,12,no,yes,Medium,Yes,11.333333333333334
47,4,very_long_time,3,yes,16,0,1,4,yes,yes,High,Yes,19.333333333333332
48,4,Medium_time,2,yes,15,0,2,2,no,no,High,Yes,14.666666666666666
49,4,Medium_time,4,yes,15,1,1,2,yes,yes,Low,No,7.0
50,2,Medium_time,2,yes,16,0,3,2,no,yes,Medium,Yes,12.666666666666666
51,4,Medium_time,2,yes,15,0,1,2,no,yes,Medium,Yes,12.333333333333334
52,4,short_time,2,yes,15,1,4,6,no,no,Medium,Yes,10.666666666666666
53,4,short_time,4,yes,15,0,3,0,no,yes,Medium,No,9.666666666666666
54,3,short_time,3,yes,15,0,4,6,no,yes,Medium,Yes,12.0
55,2,Medium_time,1,yes,16,0,1,8,yes,yes,Low,No,9.0
56,4,Medium_time,3,yes,15,0,1,0,yes,yes,High,Yes,14.666666666666666
57,4,Medium_time,4,yes,15,0,1,4,yes,no,High,Yes,14.666666666666666
58,1,Medium_time,2,yes,15,0,1,2,yes,yes,Medium,No,9.333333333333334
59,4,Medium_time,2,yes,16,0,1,2,no,yes,High,Yes,15.666666666666666
60,4,Medium_time,4,yes,16,0,3,6,yes,no,Medium,Yes,10.666666666666666
61,1,short_time,1,yes,16,0,5,6,yes,yes,Medium,No,9.666666666666666
62,1,Medium_time,2,yes,16,0,1,4,yes,yes,Low,No,9.0
63,4,long_time,3,yes,16,0,4,2,yes,yes,Medium,No,9.333333333333334
64,4,Medium_time,3,yes,15,0,4,0,yes,yes,Medium,Yes,10.0
65,4,Medium_time,3,yes,16,0,2,2,yes,yes,High,Yes,15.333333333333334
66,4,very_long_time,4,yes,15,0,5,4,yes,yes,Medium,Yes,12.666666666666666
67,3,very_long_time,1,yes,16,0,2,4,no,yes,Low,No,6.666666666666667
68,2,Medium_time,2,yes,15,0,3,2,no,yes,Low,No,8.333333333333334
69,3,very_long_time,1,yes,15,0,3,12,no,yes,High,Yes,16.0
70,3,very_long_time,1,yes,16,0,1,0,no,yes,High,Yes,14.333333333333334
71,4,very_long_time,2,yes,15,0,1,0,no,yes,Medium,Yes,10.0
72,1,Medium_time,1,yes,15,2,4,2,no,yes,Low,No,6.333333333333333
73,3,short_time,1,yes,16,0,2,2,yes,no,Medium,Yes,12.666666666666666
74,3,Medium_time,3,yes,16,0,4,54,yes,yes,Medium,Yes,11.333333333333334
75,4,Medium_time,3,yes,15,0,3,6,yes,yes,Medium,No,9.333333333333334
76,4,very_long_time,0,yes,15,0,1,8,yes,yes,Medium,Yes,10.666666666666666
77,2,very_long_time,2,yes,16,0,3,0,no,yes,Medium,Yes,11.0
78,2,short_time,1,no,17,3,1,2,yes,yes,Low,No,8.666666666666666
79,3,Medium_time,4,yes,16,0,2,12,no,yes,Low,No,5.0
80,2,short_time,3,yes,15,0,3,2,yes,yes,Medium,Yes,11.333333333333334
81,2,long_time,3,yes,15,0,2,4,no,yes,Medium,Yes,10.666666666666666
82,3,Medium_time,2,yes,15,0,1,10,no,yes,Low,No,6.333333333333333
83,2,Medium_time,2,yes,15,0,3,4,yes,yes,High,Yes,15.0
84,1,Medium_time,1,yes,15,0,3,2,yes,yes,Medium,No,9.666666666666666
85,4,Medium_time,4,yes,15,2,3,6,no,yes,Low,No,8.0
86,2,Medium_time,2,yes,16,0,2,4,no,no,Low,No,7.0
87,4,long_time,2,yes,15,0,3,4,yes,yes,Medium,Yes,13.666666666666666
88,2,Medium_time,2,yes,16,1,1,12,yes,yes,Medium,Yes,10.333333333333334
89,4,Medium_time,4,yes,16,0,5,18,no,no,Low,No,7.0
90,3,long_time,3,yes,16,0,3,0,no,yes,Low,No,7.333333333333333
91,4,short_time,3,yes,15,0,3,4,yes,yes,High,Yes,17.0
92,3,Medium_time,1,yes,16,0,3,4,no,no,Low,No,6.333333333333333
93,4,Medium_time,2,yes,16,0,1,0,yes,yes,Medium,Yes,10.333333333333334
94,2,very_long_time,2,yes,15,0,1,6,yes,yes,Medium,Yes,12.666666666666666
95,1,very_long_time,1,yes,15,1,1,2,yes,yes,Low,No,9.0
96,4,short_time,3,yes,16,0,1,2,yes,yes,Medium,Yes,13.666666666666666
97,2,Medium_time,1,yes,16,0,1,2,no,no,Low,No,9.0
98,4,short_time,4,yes,16,0,2,6,yes,yes,Medium,Yes,13.0
99,4,long_time,3,yes,16,0,1,0,no,yes,Low,No,8.0
100,4,short_time,4,yes,16,0,5,14,yes,yes,Low,No,6.333333333333333
101,4,long_time,4,yes,16,0,1,0,yes,yes,High,Yes,16.666666666666668
102,4,short_time,4,yes,15,0,1,4,yes,yes,Medium,Yes,12.333333333333334
103,3,Medium_time,2,yes,15,0,1,26,no,yes,Low,No,6.333333333333333
104,3,Medium_time,4,yes,15,0,1,0,yes,yes,High,Yes,17.333333333333332
105,3,very_long_time,3,yes,15,0,1,10,no,no,Medium,Yes,10.666666666666666
106,2,very_long_time,2,yes,15,0,1,8,no,yes,Low,No,7.666666666666667
107,3,long_time,3,yes,16,0,1,2,yes,yes,High,Yes,17.333333333333332
108,4,very_long_time,4,yes,15,0,5,6,yes,yes,Medium,Yes,12.0
109,4,long_time,4,yes,16,0,1,4,yes,yes,High,Yes,15.0
110,4,short_time,4,yes,15,0,1,6,yes,yes,High,Yes,18.666666666666668
111,3,long_time,3,yes,16,1,1,0,yes,yes,Low,No,9.0
112,2,Medium_time,2,yes,16,1,1,6,yes,yes,Medium,Yes,12.0
113,4,short_time,2,yes,15,0,1,10,no,yes,High,Yes,18.666666666666668
114,2,Medium_time,1,yes,15,0,1,8,yes,yes,Low,No,9.0
115,4,Medium_time,4,yes,16,0,2,2,yes,yes,High,Yes,15.333333333333334
116,4,Medium_time,4,yes,15,0,1,2,yes,no,Medium,Yes,12.666666666666666
117,3,short_time,3,yes,16,0,1,0,yes,yes,Medium,Yes,13.333333333333334
118,1,Medium_time,3,yes,17,1,4,20,yes,yes,Low,No,8.0
119,3,short_time,4,yes,15,0,2,6,no,yes,Medium,Yes,13.333333333333334
120,1,Medium_time,2,yes,15,0,2,2,no,yes,High,Yes,15.333333333333334
121,2,very_long_time,2,yes,15,0,2,6,yes,yes,High,Yes,15.0
122,2,Medium_time,4,yes,16,0,2,2,yes,yes,Medium,Yes,13.0
123,4,short_time,4,yes,16,0,4,18,yes,yes,Medium,Yes,12.666666666666666
124,2,Medium_time,2,yes,16,0,1,0,no,yes,Low,No,7.666666666666667
125,3,short_time,4,yes,15,0,2,0,no,yes,Medium,Yes,12.666666666666666
126,3,Medium_time,4,yes,15,0,1,0,yes,yes,Medium,No,9.333333333333334
127,0,Medium_time,1,no,19,3,1,2,no,no,Low,No,8.0
128,2,short_time,2,yes,18,2,2,0,yes,yes,Low,No,3.6666666666666665
129,4,short_time,4,yes,16,0,5,8,yes,yes,High,Yes,18.0
130,3,long_time,4,yes,15,2,2,0,no,yes,Low,No,4.0
131,1,short_time,1,yes,15,0,2,0,yes,yes,Low,No,2.6666666666666665
132,2,short_time,2,yes,17,0,3,12,no,yes,Medium,Yes,11.666666666666666
133,3,short_time,4,yes,16,0,4,16,no,yes,Medium,Yes,11.333333333333334
134,3,Medium_time,4,yes,15,0,1,0,no,no,Low,No,3.0
135,4,long_time,4,yes,15,0,1,0,yes,yes,Low,No,3.6666666666666665
136,3,Medium_time,4,yes,17,0,4,0,no,no,Low,No,3.3333333333333335
137,3,short_time,3,yes,16,2,1,0,yes,yes,Low,No,1.3333333333333333
138,1,Medium_time,1,yes,16,1,3,0,no,no,Medium,Yes,12.666666666666666
139,4,short_time,4,yes,15,0,1,0,yes,yes,High,Yes,15.666666666666666
140,4,very_long_time,3,yes,15,0,1,0,no,yes,Low,No,5.333333333333333
141,2,short_time,2,yes,16,2,2,8,yes,yes,Low,No,9.0
142,4,long_time,4,yes,15,0,1,2,yes,yes,Medium,Yes,10.333333333333334
143,1,short_time,1,yes,16,0,3,2,no,yes,Medium,Yes,13.666666666666666
144,2,short_time,1,yes,17,3,2,0,no,yes,Low,No,1.6666666666666667
145,1,Medium_time,1,yes,15,0,2,0,no,yes,Medium,Yes,10.0
146,3,Medium_time,2,yes,15,3,1,0,no,yes,Low,No,4.333333333333333
147,1,Medium_time,2,yes,15,0,1,2,no,yes,Medium,Yes,10.666666666666666
148,4,short_time,4,no,16,0,1,0,no,yes,Low,No,4.333333333333333
149,2,short_time,1,yes,15,3,5,0,no,yes,Low,No,9.0
150,1,short_time,1,no,18,3,5,0,no,yes,Low,No,3.6666666666666665
151,2,short_time,1,yes,16,1,5,6,yes,no,Medium,Yes,13.0
152,3,long_time,3,yes,15,2,3,8,yes,yes,Medium,Yes,10.0
153,3,short_time,2,no,19,3,1,0,no,yes,Low,No,1.6666666666666667
154,4,short_time,4,yes,17,0,1,0,no,no,Medium,Yes,11.333333333333334
155,2,Medium_time,3,yes,15,0,1,2,yes,no,Low,No,9.0
156,1,short_time,2,yes,17,0,3,8,no,no,Medium,Yes,13.666666666666666
157,1,short_time,1,yes,18,3,5,6,yes,no,Low,No,9.0
158,2,short_time,2,yes,16,0,2,2,no,no,High,Yes,15.666666666666666
159,3,Medium_time,3,yes,16,1,4,4,no,yes,Medium,Yes,11.333333333333334
160,2,short_time,1,no,17,2,2,0,yes,yes,Low,No,4.333333333333333
161,3,Medium_time,2,yes,15,2,4,6,no,yes,Low,No,7.0
162,1,short_time,2,yes,16,1,4,0,yes,no,Low,No,2.3333333333333335
163,1,short_time,3,no,17,0,4,2,no,yes,Medium,Yes,10.0
164,1,Medium_time,1,no,17,3,5,0,yes,no,Low,No,6.666666666666667
165,3,short_time,2,no,16,1,1,16,yes,no,Medium,Yes,11.666666666666666
166,2,Medium_time,2,no,16,0,4,4,no,yes,Medium,Yes,10.0
167,4,Medium_time,2,yes,16,0,1,0,no,yes,High,Yes,15.0
168,2,Medium_time,2,yes,16,0,1,0,no,yes,Low,No,4.333333333333333
169,4,Medium_time,4,yes,16,0,1,0,no,yes,Medium,Yes,14.0
170,3,short_time,4,yes,16,2,4,0,yes,yes,Low,No,3.6666666666666665
171,1,Medium_time,0,yes,16,0,1,2,yes,yes,High,Yes,14.666666666666666
172,4,Medium_time,4,yes,17,0,3,0,yes,yes,Medium,Yes,11.333333333333334
173,1,Medium_time,3,yes,16,3,1,0,yes,yes,Low,No,5.0
174,3,Medium_time,3,yes,16,0,1,4,yes,yes,Medium,Yes,10.0
175,4,Medium_time,3,yes,17,0,4,4,yes,yes,Medium,No,9.333333333333334
176,2,Medium_time,2,yes,16,0,4,2,yes,yes,Medium,Yes,12.333333333333334
177,3,Medium_time,3,yes,17,0,4,4,yes,yes,Low,No,5.666666666666667
178,4,short_time,2,yes,16,0,4,10,yes,yes,Low,No,9.0
179,4,Medium_time,3,yes,17,0,1,4,yes,yes,Medium,Yes,10.333333333333334
180,4,Medium_time,3,yes,16,0,3,10,yes,yes,Low,No,8.333333333333334
181,3,Medium_time,3,yes,16,0,2,2,yes,yes,Medium,Yes,12.333333333333334
182,2,Medium_time,4,yes,17,0,3,0,yes,no,High,Yes,16.666666666666668
183,3,Medium_time,3,yes,17,0,3,56,yes,yes,Low,No,8.666666666666666
184,3,Medium_time,2,yes,16,0,2,14,no,yes,Medium,Yes,12.333333333333334
185,3,Medium_time,3,yes,17,0,3,12,yes,yes,Medium,Yes,11.666666666666666
186,1,short_time,2,yes,16,0,2,2,yes,yes,Medium,Yes,11.333333333333334
187,2,Medium_time,1,yes,16,0,2,0,yes,yes,High,Yes,15.0
188,3,Medium_time,3,yes,17,0,3,6,no,yes,Low,No,8.0
189,1,Medium_time,2,yes,17,0,5,4,no,no,Low,No,9.0
190,2,Medium_time,3,yes,16,0,1,10,no,yes,Medium,Yes,12.0
191,1,Medium_time,1,yes,17,0,1,0,yes,yes,Low,No,8.333333333333334
192,1,Medium_time,2,yes,17,0,5,12,yes,yes,Low,No,7.666666666666667
193,3,short_time,3,yes,16,0,4,8,yes,yes,Low,No,9.0
194,2,short_time,3,yes,16,0,1,0,no,yes,Medium,Yes,13.666666666666666
195,2,Medium_time,4,yes,17,0,1,0,yes,yes,High,Yes,14.666666666666666
196,4,short_time,4,yes,17,0,2,4,no,yes,High,Yes,16.0
197,3,short_time,3,yes,16,0,5,8,yes,yes,Medium,No,9.333333333333334
198,4,short_time,4,yes,17,1,3,24,no,yes,High,Yes,18.0
199,4,Medium_time,4,yes,16,0,2,0,no,yes,Medium,No,9.333333333333334
200,4,Medium_time,3,yes,16,0,5,2,yes,yes,High,Yes,16.0
201,2,Medium_time,3,yes,16,0,3,6,yes,no,Medium,No,9.333333333333334
202,1,Medium_time,1,yes,17,0,3,4,no,no,Medium,No,9.333333333333334
203,2,short_time,2,yes,17,0,2,18,no,yes,Low,No,6.333333333333333
204,2,very_long_time,2,yes,16,0,1,6,yes,yes,Medium,Yes,10.333333333333334
205,3,long_time,4,yes,17,1,4,28,no,yes,Medium,No,9.333333333333334
206,3,Medium_time,1,yes,16,3,2,5,no,yes,Low,No,7.0
207,4,Medium_time,3,yes,16,0,1,10,yes,yes,Medium,Yes,12.0
208,1,short_time,1,yes,16,0,4,6,no,no,Medium,No,9.333333333333334
209,4,long_time,3,yes,17,0,1,6,yes,yes,Low,No,7.0
210,3,very_long_time,3,yes,19,0,2,10,yes,yes,Low,No,8.0
211,4,Medium_time,4,yes,17,0,5,13,no,yes,Medium,Yes,12.333333333333334
212,2,Medium_time,2,yes,16,0,1,0,no,yes,Medium,Yes,13.0
213,2,Medium_time,2,yes,18,1,4,15,yes,yes,Low,No,7.0
214,4,short_time,4,yes,17,0,2,12,no,no,Medium,No,9.333333333333334
215,3,Medium_time,2,yes,17,0,3,2,no,yes,High,Yes,14.666666666666666
216,4,Medium_time,3,yes,17,2,4,22,no,yes,Low,No,5.333333333333333
217,3,Medium_time,3,yes,18,1,4,13,no,yes,Low,No,6.666666666666667
218,2,short_time,3,yes,17,0,4,3,no,no,Low,No,7.333333333333333
219,2,long_time,2,yes,17,0,1,4,yes,yes,Medium,No,9.666666666666666
220,2,Medium_time,1,yes,17,0,2,2,yes,yes,Low,No,6.0
221,1,long_time,1,yes,17,1,1,0,yes,no,Low,No,3.6666666666666665
222,2,Medium_time,3,yes,16,0,1,2,no,yes,High,Yes,16.333333333333332
223,2,Medium_time,2,yes,18,0,5,0,no,yes,Medium,Yes,12.666666666666666
224,4,long_time,4,yes,16,0,1,0,yes,yes,Medium,Yes,13.333333333333334
225,3,Medium_time,1,yes,18,1,1,16,yes,yes,Low,No,8.0
226,3,Medium_time,2,yes,17,0,3,10,yes,yes,High,Yes,15.333333333333334
227,2,Medium_time,3,yes,17,0,3,2,no,yes,Medium,Yes,11.666666666666666
228,2,Medium_time,1,yes,18,0,5,14,yes,yes,Low,No,9.0
229,2,long_time,1,yes,17,0,2,10,yes,yes,Medium,Yes,11.333333333333334
230,4,Medium_time,3,yes,17,0,2,14,yes,yes,Medium,Yes,13.333333333333334
231,2,Medium_time,2,yes,17,0,1,4,yes,yes,Medium,Yes,11.0
232,4,Medium_time,4,yes,17,0,3,14,yes,yes,Medium,No,9.666666666666666
233,4,Medium_time,4,yes,16,0,4,2,yes,yes,Medium,Yes,13.333333333333334
234,1,Medium_time,1,yes,16,0,1,18,no,yes,Low,No,7.333333333333333
235,3,long_time,2,yes,16,0,3,10,yes,yes,Medium,Yes,10.0
236,2,Medium_time,2,yes,17,0,5,4,yes,yes,Medium,Yes,13.333333333333334
237,2,short_time,1,yes,16,0,1,20,no,yes,Medium,Yes,12.333333333333334
238,2,Medium_time,1,yes,17,0,1,2,yes,no,Medium,Yes,11.666666666666666
239,2,Medium_time,2,no,18,1,5,0,no,yes,Low,No,4.666666666666667
240,4,Medium_time,3,yes,17,0,4,14,yes,yes,Medium,Yes,12.0
241,4,Medium_time,4,yes,17,0,3,2,no,yes,Medium,Yes,11.0
242,4,short_time,3,yes,16,0,1,0,yes,yes,Low,No,2.0
243,4,short_time,4,yes,16,0,2,0,yes,yes,Medium,Yes,12.333333333333334
244,2,long_time,1,yes,18,0,1,0,no,yes,Low,No,2.3333333333333335
245,2,short_time,1,yes,16,0,1,6,no,yes,High,Yes,18.0
246,2,short_time,3,yes,17,0,1,4,no,yes,Medium,Yes,12.333333333333334
247,3,short_time,1,no,22,3,5,16,no,yes,Low,No,7.333333333333333
248,3,Medium_time,3,yes,18,1,3,8,no,yes,Low,No,4.333333333333333
249,0,short_time,2,yes,16,0,4,0,no,yes,High,Yes,14.333333333333334
250,3,short_time,2,no,18,1,4,0,no,yes,Low,No,7.333333333333333
251,3,Medium_time,3,yes,16,0,3,6,no,yes,Low,No,9.0
252,2,short_time,1,no,18,1,5,4,no,yes,Low,No,7.666666666666667
253,2,short_time,1,yes,16,0,3,0,yes,no,Low,No,8.333333333333334
254,2,short_time,1,yes,17,0,4,0,no,yes,Medium,Yes,10.666666666666666
255,1,short_time,1,yes,17,1,2,2,yes,yes,Low,No,8.0
256,4,very_long_time,2,yes,17,0,1,6,yes,yes,Medium,Yes,13.0
257,4,Medium_time,3,yes,19,0,1,12,no,yes,Medium,Yes,11.0
258,2,Medium_time,1,yes,18,0,2,8,yes,yes,High,Yes,14.333333333333334
259,2,very_long_time,2,yes,17,0,1,0,yes,yes,Low,No,6.333333333333333
260,4,Medium_time,3,yes,18,0,3,21,no,yes,High,Yes,17.666666666666668
261,4,Medium_time,3,yes,18,0,1,2,no,yes,Low,No,8.0
262,3,long_time,2,yes,18,0,1,1,yes,no,Medium,Yes,12.333333333333334
263,3,long_time,3,yes,17,0,1,4,yes,no,Medium,No,9.333333333333334
264,2,long_time,2,yes,18,0,1,0,yes,yes,Low,No,6.333333333333333
265,3,Medium_time,4,yes,18,0,4,13,yes,yes,High,Yes,17.0
266,3,Medium_time,1,yes,17,0,4,2,yes,yes,Medium,No,9.333333333333334
267,4,Medium_time,4,yes,18,0,2,8,yes,yes,Medium,Yes,11.0
268,4,Medium_time,2,yes,18,0,3,10,yes,yes,Medium,No,9.666666666666666
269,2,Medium_time,1,no,18,0,2,0,no,yes,Low,No,2.0
270,3,Medium_time,3,yes,19,2,3,15,yes,yes,Low,No,9.0
271,2,very_long_time,3,yes,18,0,3,4,yes,yes,High,Yes,14.333333333333334
272,1,Medium_time,1,yes,18,0,1,2,no,no,Medium,Yes,11.0
273,1,Medium_time,2,yes,17,0,2,2,yes,no,High,Yes,14.333333333333334
274,2,Medium_time,4,yes,17,0,1,2,no,yes,Medium,Yes,10.0
275,2,Medium_time,2,yes,17,0,3,6,no,yes,Medium,Yes,12.0
276,3,Medium_time,2,no,18,0,1,75,no,yes,Medium,No,9.333333333333334
277,4,short_time,4,yes,18,0,4,22,yes,yes,Low,No,9.0
278,4,Medium_time,4,yes,18,1,1,15,yes,yes,Low,No,8.333333333333334
279,4,short_time,3,yes,18,0,2,8,yes,yes,Medium,Yes,10.333333333333334
280,4,short_time,1,yes,17,0,4,30,yes,yes,Low,No,8.0
281,3,short_time,2,yes,17,1,4,19,no,yes,Medium,Yes,10.0
282,1,very_long_time,1,yes,18,0,1,1,yes,no,Medium,Yes,12.0
283,1,Medium_time,1,yes,18,0,1,4,yes,yes,Low,No,9.0
284,2,Medium_time,2,yes,17,0,2,4,no,yes,Medium,Yes,10.0
285,1,Medium_time,1,yes,17,0,2,2,no,yes,Medium,Yes,11.0
286,2,long_time,2,yes,18,0,2,5,no,yes,High,Yes,18.333333333333332
287,1,long_time,1,yes,17,0,1,6,no,yes,Medium,Yes,12.333333333333334
288,2,long_time,1,yes,18,0,3,6,yes,yes,High,Yes,14.333333333333334
289,4,Medium_time,4,yes,18,0,1,9,yes,yes,High,Yes,14.333333333333334
290,4,Medium_time,2,yes,18,0,4,11,yes,yes,Medium,Yes,11.333333333333334
291,4,long_time,3,yes,17,0,2,0,no,yes,High,Yes,15.0
292,2,Medium_time,1,yes,18,1,1,12,no,yes,Medium,Yes,12.333333333333334
293,3,very_long_time,1,yes,17,0,1,6,no,no,High,Yes,18.0
294,3,long_time,2,yes,18,0,1,8,yes,yes,Medium,Yes,13.666666666666666
295,3,short_time,3,yes,17,0,3,4,no,yes,Medium,Yes,12.333333333333334
296,4,Medium_time,4,yes,19,0,3,0,yes,yes,Low,No,6.333333333333333
297,4,Medium_time,3,yes,18,0,2,10,no,yes,Low,No,8.666666666666666
298,4,very_long_time,3,yes,18,0,1,0,no,yes,Medium,Yes,13.666666666666666
299,4,short_time,4,yes,18,0,2,5,no,yes,High,Yes,15.666666666666666
300,4,Medium_time,4,yes,18,0,1,14,no,yes,Medium,Yes,11.0
301,4,short_time,4,yes,17,0,2,0,no,yes,Medium,Yes,10.666666666666666
302,4,long_time,2,yes,17,0,1,0,no,yes,Medium,Yes,13.666666666666666
303,3,very_long_time,2,yes,17,0,2,0,yes,yes,High,Yes,17.333333333333332
304,3,Medium_time,3,yes,19,1,1,20,yes,yes,Medium,Yes,14.0
305,2,Medium_time,4,yes,18,1,1,8,yes,yes,Medium,Yes,12.666666666666666
306,3,short_time,2,yes,20,0,1,0,yes,no,High,Yes,17.666666666666668
307,4,short_time,4,yes,19,1,1,38,no,yes,Low,No,8.333333333333334
308,3,Medium_time,3,yes,19,1,2,0,yes,no,Medium,Yes,13.0
309,1,Medium_time,1,yes,19,1,3,18,yes,yes,Medium,Yes,10.666666666666666
310,1,Medium_time,2,yes,19,1,2,0,yes,no,Low,No,6.0
311,2,Medium_time,1,no,19,0,1,20,no,yes,Medium,Yes,13.0
312,1,Medium_time,2,yes,19,1,2,3,no,yes,Medium,Yes,11.666666666666666
313,3,Medium_time,2,yes,19,1,2,22,no,yes,Medium,Yes,11.333333333333334
314,1,long_time,1,yes,19,2,1,14,no,yes,Medium,Yes,13.666666666666666
315,2,long_time,3,yes,19,1,1,40,no,yes,Medium,Yes,11.666666666666666
316,2,Medium_time,1,yes,18,0,2,0,yes,yes,Low,No,5.333333333333333
317,4,long_time,3,yes,18,0,1,9,yes,yes,Medium,No,9.333333333333334
318,3,long_time,4,yes,17,0,5,0,yes,yes,Medium,Yes,10.666666666666666
319,4,Medium_time,4,yes,18,0,3,2,no,yes,Medium,Yes,11.0
320,4,Medium_time,3,yes,17,0,2,23,no,yes,Medium,Yes,13.0
321,2,Medium_time,2,yes,17,0,1,12,no,no,Medium,No,9.666666666666666
322,2,long_time,2,yes,17,0,2,3,yes,yes,Medium,Yes,11.0
323,3,long_time,1,yes,17,0,3,1,no,yes,Medium,Yes,13.666666666666666
324,0,long_time,2,yes,17,0,3,0,no,yes,High,Yes,15.333333333333334
325,4,long_time,4,yes,18,0,2,3,yes,yes,Medium,Yes,10.666666666666666
326,3,short_time,3,yes,17,0,5,3,yes,yes,High,Yes,15.0
327,2,short_time,2,yes,17,0,5,8,no,yes,Medium,Yes,10.333333333333334
328,4,long_time,4,yes,17,0,3,7,yes,yes,Medium,No,9.333333333333334
329,4,long_time,4,yes,17,0,2,4,no,yes,Medium,Yes,14.0
330,2,very_long_time,2,yes,18,0,4,2,yes,yes,Low,No,8.333333333333334
331,2,long_time,4,yes,17,0,1,7,no,yes,Medium,Yes,13.333333333333334
332,3,Medium_time,3,yes,18,0,1,0,yes,yes,Low,No,2.3333333333333335
333,2,Medium_time,2,yes,18,0,1,0,yes,yes,Low,No,5.333333333333333
334,2,very_long_time,2,yes,18,0,1,0,yes,no,Low,No,6.333333333333333
335,3,long_time,4,yes,17,0,3,16,no,yes,High,Yes,15.333333333333334
336,3,long_time,1,yes,19,1,2,12,no,no,Medium,Yes,13.333333333333334
337,3,Medium_time,2,yes,17,0,3,0,no,yes,Low,No,5.0
338,3,very_long_time,3,yes,18,0,1,7,no,yes,High,Yes,16.0
339,3,Medium_time,2,yes,17,0,3,4,no,yes,Medium,No,9.666666666666666
340,2,long_time,1,yes,19,1,3,4,yes,yes,Medium,Yes,11.333333333333334
341,4,Medium_time,4,yes,18,1,2,0,yes,yes,Low,No,6.666666666666667
342,3,Medium_time,4,yes,18,0,3,11,yes,yes,High,Yes,15.333333333333334
343,2,Medium_time,2,yes,17,1,2,0,no,yes,Low,No,5.666666666666667
344,2,long_time,3,yes,18,0,2,4,no,yes,Medium,Yes,10.333333333333334
345,3,long_time,2,yes,18,0,3,7,no,yes,Medium,Yes,13.333333333333334
346,4,long_time,3,yes,18,0,2,9,no,yes,High,Yes,15.666666666666666
347,4,long_time,3,yes,18,0,3,0,no,yes,Medium,No,9.666666666666666
348,4,long_time,3,yes,17,0,3,0,yes,yes,High,Yes,14.333333333333334
349,3,short_time,2,yes,18,1,5,10,no,yes,Medium,Yes,12.333333333333334
350,1,Medium_time,1,yes,19,3,3,8,no,yes,Low,No,7.666666666666667
351,3,Medium_time,3,yes,17,0,3,2,no,yes,Medium,Yes,13.0
352,1,short_time,3,no,18,1,3,7,no,yes,Low,No,7.666666666666667
353,1,short_time,1,yes,19,1,3,4,no,yes,Low,No,8.0
354,4,Medium_time,3,yes,17,0,3,4,yes,yes,Medium,Yes,11.666666666666666
355,3,Medium_time,3,yes,18,0,1,0,no,no,Medium,No,9.333333333333334
356,4,Medium_time,4,yes,17,0,2,4,yes,yes,Medium,Yes,12.666666666666666
357,3,Medium_time,2,yes,17,0,2,2,no,no,Medium,Yes,11.666666666666666
358,1,short_time,1,yes,18,0,2,4,no,yes,Medium,Yes,10.0
359,1,long_time,1,yes,18,0,1,0,no,yes,High,Yes,16.666666666666668
360,1,Medium_time,4,yes,18,0,4,0,no,no,Medium,Yes,13.0
361,1,Medium_time,1,no,18,1,3,2,yes,no,Medium,Yes,12.333333333333334
362,3,Medium_time,3,yes,18,0,3,0,no,yes,Medium,Yes,10.666666666666666
363,4,Medium_time,4,yes,17,0,1,0,yes,yes,High,Yes,15.333333333333334
364,1,Medium_time,2,yes,17,0,2,0,no,no,Medium,Yes,11.666666666666666
365,1,Medium_time,3,yes,18,0,4,4,no,no,Medium,Yes,10.0
366,4,long_time,4,yes,18,0,2,0,no,yes,Medium,Yes,13.0
367,1,short_time,1,yes,17,1,2,0,no,yes,Low,No,4.333333333333333
368,2,short_time,3,yes,18,0,2,0,no,yes,Medium,Yes,10.333333333333334
369,4,Medium_time,4,yes,18,0,2,10,no,yes,Medium,Yes,12.333333333333334
370,3,Medium_time,2,yes,19,2,1,4,yes,no,Low,No,7.666666666666667
371,1,short_time,2,no,18,0,3,3,yes,yes,Medium,Yes,12.666666666666666
372,2,long_time,2,yes,17,0,1,8,yes,no,Medium,Yes,11.666666666666666
373,1,short_time,2,yes,17,0,3,14,yes,yes,Low,No,5.333333333333333
374,4,long_time,4,yes,18,0,1,0,no,yes,High,Yes,18.666666666666668
375,1,long_time,1,yes,18,0,2,2,no,yes,Low,No,8.666666666666666
376,4,long_time,2,yes,20,2,1,4,no,yes,High,Yes,14.666666666666666
377,4,Medium_time,4,yes,18,0,4,4,yes,yes,Low,No,9.0
378,3,Medium_time,3,yes,18,0,2,0,no,yes,High,Yes,15.0
379,3,Medium_time,1,yes,17,0,3,17,yes,yes,Medium,Yes,10.0
380,4,Medium_time,4,yes,18,0,4,4,yes,yes,High,Yes,14.333333333333334
381,2,short_time,1,yes,18,0,3,5,yes,yes,Low,No,6.666666666666667
382,2,Medium_time,3,yes,17,0,1,2,yes,yes,Medium,Yes,10.666666666666666
383,1,short_time,1,yes,19,1,3,0,no,no,Low,No,3.6666666666666665
384,4,short_time,2,yes,18,1,3,14,no,no,Low,No,5.333333333333333
385,2,long_time,2,yes,18,0,3,2,no,no,Medium,No,9.666666666666666
386,4,short_time,4,yes,18,0,2,7,yes,yes,Low,No,5.666666666666667
387,2,long_time,3,yes,19,1,2,0,yes,yes,Low,No,4.0
388,3,Medium_time,1,yes,18,0,1,0,no,yes,Low,No,8.0
389,1,Medium_time,1,yes,18,1,1,0,yes,no,Low,No,3.6666666666666665
390,2,Medium_time,2,yes,20,2,5,11,no,no,Low,No,9.0
391,3,short_time,1,yes,17,0,4,3,no,yes,High,Yes,15.333333333333334
392,1,short_time,1,yes,21,3,3,3,no,no,Low,No,8.333333333333334
393,3,short_time,2,yes,18,0,4,0,no,yes,Medium,Yes,11.0
394,1,short_time,1,yes,19,0,3,5,no,yes,Low,No,8.666666666666666
0,4,Medium_time,4,yes,18,0,1,4,no,no,Low,No,7.333333333333333
1,1,Medium_time,1,yes,17,0,1,2,no,yes,Medium,Yes,10.333333333333334
2,1,Medium_time,1,yes,15,0,3,6,no,yes,Medium,Yes,12.333333333333334
3,4,long_time,2,yes,15,0,1,0,yes,yes,Medium,Yes,14.0
4,3,Medium_time,3,yes,16,0,2,0,no,no,Medium,Yes,12.333333333333334
5,4,Medium_time,3,yes,16,0,2,6,yes,yes,Medium,Yes,12.333333333333334
6,2,Medium_time,2,yes,16,0,1,0,no,yes,Medium,Yes,12.666666666666666
7,4,Medium_time,4,yes,17,0,1,2,no,no,Medium,Yes,12.0
8,3,Medium_time,2,yes,15,0,1,0,no,yes,High,Yes,16.0
9,3,Medium_time,4,yes,15,0,1,0,yes,yes,Medium,Yes,12.333333333333334
10,4,Medium_time,4,yes,15,0,2,2,no,yes,Medium,Yes,14.0
11,2,long_time,1,yes,15,0,1,0,yes,yes,Medium,Yes,11.666666666666666
12,4,short_time,4,yes,15,0,3,0,yes,yes,Medium,Yes,12.333333333333334
13,4,Medium_time,3,yes,15,0,2,0,no,yes,Medium,Yes,12.333333333333334
14,2,long_time,2,yes,15,0,1,0,no,yes,High,Yes,14.333333333333334
15,4,short_time,4,yes,16,0,2,6,no,yes,High,Yes,17.0
16,4,long_time,4,yes,16,0,2,10,yes,yes,Medium,Yes,13.333333333333334
17,3,Medium_time,3,yes,16,0,1,2,yes,no,Medium,Yes,13.666666666666666
18,3,short_time,2,yes,17,3,4,2,yes,yes,Low,No,7.666666666666667
19,4,short_time,3,yes,16,0,3,6,yes,yes,Medium,Yes,12.0
20,4,Medium_time,3,yes,15,0,1,0,no,yes,Medium,Yes,13.0
21,4,short_time,4,yes,15,0,1,0,no,yes,Medium,Yes,11.666666666666666
22,4,Medium_time,2,yes,16,0,3,0,yes,yes,Medium,Yes,13.0
23,2,Medium_time,2,yes,16,0,4,2,yes,yes,Medium,Yes,10.0
24,2,long_time,4,yes,15,0,1,2,yes,yes,Medium,Yes,10.333333333333334
25,2,short_time,2,yes,16,0,3,6,no,yes,Medium,Yes,11.0
26,2,short_time,2,yes,15,0,2,8,no,yes,Medium,Yes,11.666666666666666
27,4,short_time,2,yes,15,0,4,0,no,yes,Medium,Yes,11.0
28,3,Medium_time,4,yes,16,0,1,2,yes,yes,Medium,Yes,12.333333333333334
29,4,Medium_time,4,yes,16,0,5,4,yes,yes,Medium,Yes,11.666666666666666
30,4,Medium_time,4,yes,15,0,4,0,no,yes,Medium,Yes,10.666666666666666
31,4,Medium_time,4,yes,15,0,1,2,yes,yes,High,Yes,15.0
32,4,Medium_time,3,yes,15,0,1,0,yes,yes,Medium,Yes,14.0
33,3,Medium_time,3,yes,15,0,1,0,yes,yes,Medium,Yes,12.333333333333334
34,3,short_time,2,yes,16,0,1,4,no,yes,Medium,Yes,12.0
35,2,short_time,3,yes,15,0,1,4,yes,no,Medium,Yes,11.0
36,4,long_time,3,yes,15,0,1,0,yes,yes,Medium,Yes,14.0
37,4,long_time,4,yes,16,0,1,4,yes,yes,Medium,Yes,13.0
38,3,long_time,4,yes,15,0,1,2,yes,yes,Medium,Yes,11.666666666666666
39,2,short_time,2,yes,15,0,1,8,yes,no,Medium,Yes,13.0
40,2,Medium_time,2,yes,16,0,2,16,yes,yes,Medium,Yes,10.666666666666666
41,4,short_time,4,yes,15,0,4,8,no,yes,Medium,Yes,10.666666666666666
42,4,Medium_time,4,yes,15,0,1,0,yes,yes,High,Yes,14.666666666666666
43,2,short_time,2,yes,15,0,1,0,no,yes,Medium,No,9.666666666666666
44,2,Medium_time,2,yes,16,1,2,14,yes,yes,Medium,Yes,10.666666666666666
45,4,Medium_time,3,yes,15,0,1,4,yes,yes,Medium,Yes,10.666666666666666
46,3,Medium_time,3,yes,16,0,4,6,no,yes,Medium,Yes,12.666666666666666
47,4,very_long_time,3,yes,16,0,1,2,yes,yes,High,Yes,17.0
48,4,Medium_time,2,yes,15,0,2,4,no,no,Medium,Yes,12.0
49,4,Medium_time,4,yes,15,0,1,2,yes,yes,Medium,Yes,12.333333333333334
50,2,Medium_time,2,yes,16,0,3,0,no,yes,Medium,Yes,13.333333333333334
51,4,Medium_time,2,yes,15,0,1,0,no,yes,High,Yes,15.333333333333334
52,4,short_time,2,yes,15,0,4,4,no,no,Medium,No,9.333333333333334
53,4,short_time,4,yes,15,0,3,0,no,yes,Medium,Yes,12.333333333333334
54,3,short_time,3,yes,15,0,4,0,no,yes,Medium,Yes,12.666666666666666
55,2,Medium_time,1,yes,16,0,1,2,yes,yes,Medium,Yes,12.333333333333334
56,4,Medium_time,3,yes,15,0,1,0,yes,yes,High,Yes,14.666666666666666
57,4,Medium_time,4,yes,15,0,1,8,yes,no,High,Yes,15.333333333333334
58,1,Medium_time,2,yes,15,0,1,0,yes,yes,Medium,Yes,13.666666666666666
59,4,Medium_time,2,yes,16,0,1,2,no,yes,High,Yes,15.666666666666666
60,4,Medium_time,4,yes,16,0,3,0,yes,no,High,Yes,16.333333333333332
61,1,short_time,1,yes,16,0,5,0,yes,yes,Medium,Yes,12.0
62,1,Medium_time,2,yes,16,0,1,0,yes,yes,Medium,Yes,12.0
63,4,long_time,3,yes,16,0,4,0,yes,yes,Medium,Yes,13.333333333333334
64,4,Medium_time,3,yes,15,0,4,0,yes,yes,Medium,Yes,12.333333333333334
65,4,Medium_time,3,yes,16,0,2,2,yes,yes,High,Yes,15.666666666666666
66,4,very_long_time,4,yes,15,0,5,0,yes,yes,Medium,Yes,11.666666666666666
67,3,very_long_time,1,yes,16,0,2,0,no,yes,Medium,No,9.666666666666666
68,2,Medium_time,2,yes,15,0,3,0,no,yes,Medium,Yes,10.666666666666666
69,3,very_long_time,1,yes,15,0,3,6,no,yes,High,Yes,15.0
70,3,very_long_time,1,yes,16,0,1,2,no,yes,Medium,Yes,11.666666666666666
71,4,very_long_time,2,yes,15,0,1,0,no,yes,Medium,Yes,10.0
72,1,Medium_time,1,yes,15,0,4,2,no,yes,Medium,Yes,11.666666666666666
73,3,short_time,1,yes,16,0,2,0,yes,no,Medium,Yes,13.333333333333334
74,3,Medium_time,3,yes,16,0,4,4,yes,yes,Medium,Yes,11.0
75,4,Medium_time,3,yes,15,0,3,0,yes,yes,Medium,Yes,11.0
76,4,very_long_time,0,yes,15,0,1,0,yes,yes,Medium,Yes,11.333333333333334
77,2,very_long_time,2,yes,16,0,3,1,no,yes,Medium,Yes,13.0
78,2,short_time,1,no,17,3,1,0,yes,yes,Medium,No,9.333333333333334
79,3,Medium_time,4,yes,16,0,2,14,no,yes,Medium,Yes,11.333333333333334
80,2,short_time,3,yes,15,0,3,0,yes,yes,Medium,Yes,11.333333333333334
81,2,long_time,3,yes,15,0,2,2,no,yes,Medium,No,9.333333333333334
82,3,Medium_time,2,yes,15,0,1,4,no,yes,Medium,Yes,11.333333333333334
83,2,Medium_time,2,yes,15,0,3,2,yes,yes,Medium,Yes,12.666666666666666
84,1,Medium_time,1,yes,15,0,3,2,yes,yes,Medium,Yes,12.333333333333334
85,4,Medium_time,4,yes,15,0,3,4,no,yes,Medium,Yes,11.666666666666666
86,2,Medium_time,2,yes,16,0,2,6,no,no,Medium,Yes,11.666666666666666
87,4,long_time,2,yes,15,0,3,4,yes,yes,High,Yes,15.0
88,2,Medium_time,2,yes,16,0,1,6,yes,yes,Medium,Yes,11.0
89,4,Medium_time,4,yes,16,0,5,6,no,no,Medium,No,9.333333333333334
90,3,long_time,3,yes,16,0,3,2,no,yes,Medium,Yes,10.333333333333334
91,4,short_time,3,yes,15,0,3,6,yes,yes,Medium,Yes,13.333333333333334
92,3,Medium_time,1,yes,16,0,3,0,no,no,Medium,Yes,12.333333333333334
93,4,Medium_time,2,yes,16,0,1,2,yes,yes,Medium,Yes,13.666666666666666
94,2,very_long_time,2,yes,15,0,1,2,yes,yes,Medium,Yes,11.666666666666666
95,1,very_long_time,1,yes,15,0,1,4,yes,yes,Medium,Yes,13.0
96,4,short_time,3,yes,16,0,1,6,yes,yes,Medium,Yes,10.333333333333334
97,2,Medium_time,1,yes,16,0,1,0,no,no,Medium,Yes,12.333333333333334
98,4,short_time,4,yes,16,0,2,4,yes,yes,Medium,Yes,12.666666666666666
99,4,long_time,3,yes,16,0,1,2,no,yes,Medium,Yes,12.666666666666666
100,4,short_time,4,yes,16,0,5,12,yes,yes,Low,No,8.666666666666666
101,4,long_time,4,yes,16,0,1,0,yes,yes,High,Yes,16.0
102,4,short_time,4,yes,15,0,1,2,yes,yes,Medium,Yes,12.333333333333334
103,3,Medium_time,2,yes,15,0,1,16,no,yes,Medium,Yes,10.333333333333334
104,3,Medium_time,4,yes,15,0,1,0,yes,yes,High,Yes,16.0
105,3,very_long_time,3,yes,15,0,1,10,no,no,Medium,Yes,10.0
106,2,very_long_time,2,yes,15,0,1,4,no,yes,Medium,Yes,10.0
107,3,long_time,3,yes,16,0,1,4,yes,yes,Medium,Yes,13.666666666666666
108,4,very_long_time,4,yes,15,0,5,8,yes,yes,Medium,Yes,11.0
109,4,long_time,4,yes,16,0,1,2,yes,yes,High,Yes,14.666666666666666
110,4,short_time,4,yes,15,0,1,4,yes,yes,Medium,Yes,13.666666666666666
111,3,long_time,3,yes,16,0,1,4,yes,yes,Medium,Yes,11.0
112,2,Medium_time,2,yes,16,1,1,12,yes,yes,Medium,No,9.333333333333334
113,4,short_time,2,yes,15,0,1,10,no,yes,High,Yes,17.666666666666668
114,2,Medium_time,1,yes,15,0,1,4,yes,yes,Medium,No,9.666666666666666
115,4,Medium_time,4,yes,16,0,2,6,yes,yes,High,Yes,14.666666666666666
116,4,Medium_time,4,yes,15,0,1,4,yes,no,High,Yes,15.666666666666666
117,3,short_time,3,yes,16,0,1,6,yes,yes,High,Yes,14.333333333333334
118,1,Medium_time,3,yes,17,1,4,14,yes,yes,Medium,Yes,11.333333333333334
119,3,short_time,4,yes,15,0,2,2,no,yes,Medium,Yes,13.666666666666666
120,1,Medium_time,2,yes,15,0,2,0,no,yes,Medium,Yes,14.0
121,2,very_long_time,2,yes,15,0,2,6,yes,yes,Medium,Yes,13.333333333333334
122,2,Medium_time,4,yes,16,0,2,2,yes,yes,Medium,Yes,13.0
123,4,short_time,4,yes,16,0,4,4,yes,yes,Medium,Yes,12.666666666666666
124,2,Medium_time,2,yes,16,0,1,0,no,yes,Medium,Yes,11.333333333333334
125,3,short_time,4,yes,15,0,2,2,no,yes,Low,No,9.0
126,3,Medium_time,4,yes,15,0,1,0,yes,yes,Medium,Yes,10.666666666666666
127,0,Medium_time,1,no,19,2,1,0,no,no,Medium,Yes,10.0
128,4,short_time,4,yes,16,0,5,8,yes,yes,High,Yes,14.333333333333334
129,2,long_time,3,yes,16,0,2,4,no,yes,Medium,Yes,12.666666666666666
130,3,long_time,4,yes,15,0,2,0,no,yes,Medium,Yes,11.0
131,2,Medium_time,1,no,18,3,3,10,yes,yes,Low,No,9.0
132,2,short_time,1,yes,17,0,2,8,no,yes,Medium,Yes,10.666666666666666
133,1,short_time,1,yes,15,0,2,6,yes,yes,Medium,Yes,12.0
134,2,short_time,2,yes,17,0,3,2,no,yes,Medium,Yes,12.333333333333334
135,3,short_time,4,yes,16,0,4,12,no,yes,Medium,Yes,14.0
136,2,short_time,1,yes,16,0,1,4,no,no,Medium,No,9.666666666666666
137,2,short_time,2,yes,16,1,1,12,no,no,Medium,Yes,11.666666666666666
138,3,Medium_time,4,yes,15,0,1,2,no,no,Medium,Yes,11.333333333333334
139,4,long_time,4,yes,15,0,1,4,yes,yes,Medium,Yes,14.0
140,3,Medium_time,4,yes,17,0,4,2,no,no,Medium,No,9.666666666666666
141,1,Medium_time,1,yes,16,0,1,0,no,no,Medium,Yes,13.333333333333334
142,3,short_time,1,yes,18,0,5,2,yes,yes,Medium,Yes,11.333333333333334
143,3,long_time,2,yes,18,0,1,10,yes,yes,Medium,Yes,11.333333333333334
144,1,short_time,1,yes,16,0,2,8,yes,no,Medium,Yes,11.333333333333334
145,3,short_time,3,yes,16,0,1,4,yes,yes,Medium,No,9.333333333333334
146,1,Medium_time,1,yes,16,2,3,0,no,no,Medium,Yes,10.0
147,4,short_time,4,yes,15,0,1,6,yes,yes,Medium,Yes,13.666666666666666
148,1,short_time,1,yes,15,1,1,2,yes,yes,Low,No,8.666666666666666
149,4,very_long_time,3,yes,15,0,1,6,no,yes,Medium,Yes,10.333333333333334
150,3,Medium_time,3,yes,15,0,3,24,no,no,Low,No,8.666666666666666
151,4,long_time,4,yes,16,0,3,0,yes,yes,Medium,Yes,13.666666666666666
152,2,short_time,2,yes,16,0,2,4,yes,yes,Medium,Yes,11.333333333333334
153,4,long_time,4,yes,15,0,1,2,yes,yes,Medium,Yes,13.0
154,1,short_time,1,yes,16,0,3,4,no,yes,Medium,Yes,10.666666666666666
155,2,short_time,1,yes,17,0,2,22,no,yes,Low,No,7.333333333333333
156,1,Medium_time,1,yes,15,0,2,0,no,yes,Medium,Yes,12.0
157,2,short_time,1,no,15,0,1,0,yes,yes,Medium,Yes,10.333333333333334
158,3,Medium_time,2,yes,15,1,1,2,no,yes,Medium,Yes,11.0
159,1,Medium_time,2,yes,15,0,1,6,no,yes,Medium,Yes,12.666666666666666
160,1,Medium_time,2,yes,15,0,4,6,no,no,Medium,Yes,11.0
161,4,short_time,4,no,16,0,1,16,no,yes,Low,No,8.666666666666666
162,2,short_time,1,yes,15,0,5,0,no,yes,Medium,Yes,11.333333333333334
163,1,short_time,1,no,18,2,5,0,no,yes,Low,No,6.666666666666667
164,2,short_time,1,yes,16,1,5,6,yes,no,Medium,No,9.666666666666666
165,3,long_time,3,yes,15,0,3,2,yes,yes,Medium,Yes,13.0
166,3,short_time,2,no,19,0,1,6,no,yes,Medium,Yes,10.333333333333334
167,4,short_time,4,yes,17,0,1,0,no,no,Medium,Yes,13.0
168,2,Medium_time,3,yes,15,0,1,0,yes,no,Low,No,7.666666666666667
169,1,short_time,2,yes,17,3,3,14,no,no,Low,No,9.0
170,1,short_time,1,yes,18,3,5,6,yes,no,Medium,Yes,10.666666666666666
171,2,short_time,2,yes,16,0,2,4,no,no,Medium,Yes,11.0
172,3,Medium_time,3,yes,16,1,4,0,no,yes,Low,No,7.0
173,1,short_time,2,yes,16,2,5,0,no,yes,Low,No,9.0
174,2,short_time,1,no,17,1,2,8,yes,yes,Low,No,8.333333333333334
175,3,Medium_time,2,yes,17,2,4,4,no,yes,Low,No,7.0
176,1,short_time,2,yes,15,0,4,2,yes,no,Low,No,9.0
177,1,short_time,3,no,16,1,4,2,no,yes,Low,No,8.333333333333334
178,1,Medium_time,1,no,17,0,5,0,yes,no,Low,No,8.0
179,3,short_time,2,no,17,3,1,10,yes,no,Low,No,7.666666666666667
180,2,Medium_time,2,no,16,0,4,0,no,yes,Medium,Yes,10.0
181,4,Medium_time,2,yes,16,0,1,0,no,yes,High,Yes,17.333333333333332
182,2,Medium_time,2,yes,16,0,1,0,no,yes,Medium,Yes,12.333333333333334
183,4,Medium_time,4,yes,16,0,1,0,no,yes,High,Yes,16.333333333333332
184,3,short_time,4,yes,16,1,4,4,yes,yes,Medium,No,9.333333333333334
185,1,Medium_time,0,yes,16,0,1,0,yes,yes,High,Yes,17.0
186,4,Medium_time,4,yes,17,0,3,0,yes,yes,Medium,Yes,10.0
187,1,Medium_time,3,yes,16,0,1,0,yes,yes,Medium,Yes,13.333333333333334
188,3,Medium_time,3,yes,16,0,1,0,yes,yes,High,Yes,14.333333333333334
189,4,Medium_time,3,yes,17,0,4,0,yes,yes,Medium,Yes,10.666666666666666
190,2,Medium_time,2,yes,16,0,4,0,yes,yes,Medium,Yes,13.0
191,3,Medium_time,3,yes,17,0,4,4,yes,yes,Medium,Yes,10.0
192,4,short_time,2,yes,16,0,4,8,yes,yes,Medium,Yes,10.0
193,4,Medium_time,3,yes,17,0,1,4,yes,yes,Medium,Yes,11.666666666666666
194,4,Medium_time,3,yes,16,0,3,4,yes,yes,Medium,Yes,10.666666666666666
195,3,Medium_time,3,yes,16,0,2,0,yes,yes,Medium,Yes,12.0
196,2,Medium_time,4,yes,17,0,3,0,yes,no,High,Yes,17.333333333333332
197,3,Medium_time,3,yes,17,0,3,32,yes,yes,Medium,Yes,13.666666666666666
198,3,Medium_time,2,yes,16,0,2,8,no,yes,High,Yes,15.0
199,3,Medium_time,3,yes,17,0,3,6,yes,yes,Medium,Yes,12.666666666666666
200,1,short_time,2,yes,16,0,2,0,yes,yes,Medium,Yes,10.0
201,2,Medium_time,1,yes,16,0,2,0,yes,yes,High,Yes,14.333333333333334
202,3,Medium_time,3,yes,17,0,3,10,no,yes,Medium,Yes,13.0
203,1,Medium_time,2,yes,17,0,5,6,no,no,Medium,No,9.333333333333334
204,2,Medium_time,3,yes,16,0,1,6,no,yes,Medium,Yes,12.333333333333334
205,1,Medium_time,1,yes,17,0,1,0,yes,yes,Medium,Yes,11.666666666666666
206,1,Medium_time,2,yes,17,0,5,16,yes,yes,Medium,Yes,11.0
207,3,short_time,3,yes,16,0,4,0,yes,yes,Medium,Yes,10.333333333333334
208,2,short_time,3,yes,16,0,1,0,no,yes,Medium,Yes,12.333333333333334
209,2,Medium_time,4,yes,17,0,1,8,yes,yes,High,Yes,15.0
210,4,short_time,4,yes,17,0,2,4,no,yes,Medium,Yes,13.333333333333334
211,3,short_time,3,yes,16,0,5,16,yes,yes,Medium,Yes,11.0
212,4,short_time,4,yes,17,1,3,30,no,yes,High,Yes,15.0
213,4,Medium_time,4,yes,16,0,2,0,no,yes,Medium,Yes,10.666666666666666
214,4,Medium_time,3,yes,16,0,5,2,yes,yes,High,Yes,14.333333333333334
215,2,Medium_time,3,yes,16,0,3,4,yes,no,Medium,Yes,11.666666666666666
216,1,Medium_time,1,yes,17,0,3,0,no,no,High,Yes,14.666666666666666
217,2,short_time,2,yes,17,0,2,21,no,yes,Medium,Yes,13.0
218,2,very_long_time,2,yes,16,0,1,6,yes,yes,Medium,Yes,13.0
219,3,long_time,4,yes,17,1,4,14,no,yes,Low,No,8.333333333333334
220,3,Medium_time,1,yes,16,0,2,2,no,yes,Medium,Yes,11.333333333333334
221,4,Medium_time,3,yes,16,0,1,4,yes,yes,High,Yes,14.666666666666666
222,1,short_time,1,yes,16,0,4,2,no,no,Medium,Yes,12.666666666666666
223,4,long_time,3,yes,17,0,1,0,yes,yes,Medium,Yes,11.666666666666666
224,3,very_long_time,3,yes,19,0,2,4,yes,yes,Medium,Yes,12.0
225,4,Medium_time,4,yes,17,0,5,15,no,yes,Medium,Yes,12.333333333333334
226,2,Medium_time,2,yes,16,0,1,0,no,yes,Medium,Yes,13.0
227,2,Medium_time,2,yes,18,0,4,10,yes,yes,Medium,Yes,11.333333333333334
228,4,short_time,4,yes,17,0,2,6,no,no,Medium,Yes,11.333333333333334
229,3,Medium_time,2,yes,17,0,3,2,no,yes,High,Yes,15.0
230,4,Medium_time,3,yes,17,0,4,16,no,yes,Medium,Yes,10.0
231,3,Medium_time,3,yes,18,0,4,10,no,yes,Medium,Yes,10.0
232,2,short_time,3,yes,17,0,4,4,no,no,Medium,Yes,12.666666666666666
233,2,long_time,2,yes,17,0,1,0,yes,yes,Medium,Yes,12.333333333333334
234,2,Medium_time,1,yes,17,0,2,0,yes,yes,Medium,Yes,10.666666666666666
235,1,long_time,1,yes,17,0,1,12,yes,no,Medium,Yes,12.0
236,2,Medium_time,3,yes,16,0,1,0,no,yes,Medium,Yes,13.333333333333334
237,2,Medium_time,2,yes,18,3,5,9,no,yes,Medium,No,9.666666666666666
238,4,long_time,4,yes,16,0,1,4,yes,yes,High,Yes,15.666666666666666
239,3,Medium_time,1,yes,18,0,1,4,yes,yes,Low,No,8.0
240,3,Medium_time,2,yes,17,0,3,2,yes,yes,High,Yes,17.333333333333332
241,2,Medium_time,3,yes,17,0,3,0,no,yes,Medium,Yes,10.666666666666666
242,2,Medium_time,1,yes,18,0,5,2,yes,yes,Medium,Yes,10.0
243,2,long_time,1,yes,17,0,2,0,yes,yes,High,Yes,15.333333333333334
244,4,Medium_time,3,yes,17,0,2,0,yes,yes,Medium,Yes,12.666666666666666
245,2,Medium_time,2,yes,17,0,1,0,yes,yes,Medium,Yes,12.666666666666666
246,4,Medium_time,4,yes,17,0,3,0,yes,yes,Medium,Yes,13.0
247,4,Medium_time,4,yes,16,0,4,0,yes,yes,Medium,Yes,13.333333333333334
248,1,Medium_time,1,yes,16,0,1,2,no,yes,Low,No,9.0
249,3,long_time,2,yes,16,0,3,0,yes,yes,Medium,Yes,12.0
250,2,Medium_time,2,yes,17,0,5,0,yes,yes,High,Yes,16.0
251,2,short_time,1,yes,16,0,1,4,no,yes,Medium,No,9.666666666666666
252,4,Medium_time,1,yes,16,0,2,0,yes,yes,Medium,Yes,13.333333333333334
253,2,Medium_time,4,yes,18,1,1,18,no,yes,Medium,Yes,10.0
254,2,Medium_time,2,yes,18,1,1,16,no,yes,Low,No,9.0
255,3,short_time,3,no,18,1,1,14,no,yes,Low,No,7.333333333333333
256,2,short_time,2,no,18,1,2,26,yes,yes,Low,No,7.666666666666667
257,4,short_time,4,yes,17,0,2,6,yes,yes,Low,No,9.0
258,3,Medium_time,2,yes,17,0,1,4,yes,no,High,Yes,14.333333333333334
259,1,long_time,1,yes,17,0,2,10,yes,yes,Medium,Yes,10.333333333333334
260,1,short_time,2,no,16,0,2,4,no,yes,Medium,Yes,11.333333333333334
261,2,Medium_time,1,yes,17,0,1,2,yes,no,Medium,Yes,13.0
262,1,short_time,4,yes,17,1,1,14,no,yes,Low,No,8.666666666666666
263,2,Medium_time,2,no,18,0,5,16,no,yes,Low,No,7.666666666666667
264,2,short_time,2,no,17,1,1,8,no,yes,Medium,Yes,10.0
265,1,long_time,1,yes,17,0,3,4,yes,yes,High,Yes,14.666666666666666
266,4,Medium_time,2,yes,17,0,1,4,yes,no,High,Yes,14.333333333333334
267,4,Medium_time,3,yes,17,0,4,8,yes,yes,High,Yes,15.0
268,4,Medium_time,4,yes,17,0,3,0,no,yes,Medium,Yes,12.0
269,4,short_time,3,yes,16,0,1,7,yes,yes,High,Yes,14.333333333333334
270,4,short_time,4,yes,16,0,2,4,yes,yes,High,Yes,14.666666666666666
271,4,Medium_time,4,yes,17,0,4,2,no,yes,Medium,Yes,11.333333333333334
272,1,long_time,1,yes,17,0,1,2,no,yes,Medium,Yes,14.0
273,3,long_time,3,yes,17,0,3,10,no,yes,Medium,Yes,11.0
274,1,Medium_time,1,yes,17,0,1,10,no,no,Medium,No,9.666666666666666
275,2,long_time,1,yes,18,0,1,10,no,yes,Medium,Yes,11.0
276,2,short_time,1,yes,16,0,1,7,no,yes,High,Yes,15.666666666666666
277,1,Medium_time,1,yes,17,0,2,4,no,no,Medium,Yes,10.666666666666666
278,2,short_time,3,yes,17,0,1,2,no,yes,Medium,Yes,11.333333333333334
279,3,short_time,1,no,22,3,5,12,no,yes,Low,No,6.666666666666667
280,3,Medium_time,3,yes,18,0,3,8,no,yes,Medium,No,9.666666666666666
281,0,short_time,2,yes,16,0,4,0,no,yes,Medium,Yes,11.333333333333334
282,3,short_time,2,no,18,0,4,8,no,yes,Low,No,7.333333333333333
283,3,Medium_time,3,yes,16,1,3,4,no,yes,Medium,Yes,10.0
284,2,short_time,1,no,18,2,5,4,no,yes,Low,No,7.0
285,2,short_time,1,yes,16,0,3,2,yes,no,Medium,Yes,13.0
286,2,short_time,1,yes,17,0,4,0,no,yes,Medium,Yes,12.333333333333334
287,1,short_time,1,yes,17,1,2,0,yes,yes,Medium,No,9.666666666666666
288,2,Medium_time,1,yes,18,0,3,2,no,yes,Medium,Yes,12.333333333333334
289,4,very_long_time,2,yes,17,0,1,2,yes,yes,High,Yes,15.333333333333334
290,2,Medium_time,2,yes,19,0,1,0,no,yes,Medium,Yes,10.333333333333334
291,2,Medium_time,1,no,18,1,4,4,yes,yes,Medium,Yes,10.666666666666666
292,4,long_time,2,yes,17,0,3,2,yes,yes,Medium,Yes,12.333333333333334
293,1,long_time,1,yes,18,0,3,4,no,no,Medium,Yes,12.333333333333334
294,2,Medium_time,2,yes,18,0,1,4,no,no,Medium,Yes,11.666666666666666
295,4,Medium_time,3,yes,19,0,1,4,no,yes,Medium,Yes,12.666666666666666
296,2,Medium_time,1,yes,18,0,2,2,yes,yes,High,Yes,16.0
297,2,short_time,2,no,17,0,1,0,no,no,Medium,No,9.666666666666666
298,2,very_long_time,2,yes,17,0,1,2,yes,yes,Medium,Yes,11.0
299,2,Medium_time,1,no,20,0,2,8,yes,yes,Medium,Yes,11.333333333333334
300,4,Medium_time,3,yes,18,0,3,2,no,yes,High,Yes,15.0
301,4,Medium_time,3,yes,18,0,1,2,no,yes,Medium,Yes,10.333333333333334
302,3,long_time,2,yes,18,0,1,2,yes,no,Medium,Yes,11.0
303,3,long_time,3,yes,17,0,1,2,yes,no,Medium,Yes,13.333333333333334
304,2,long_time,2,yes,18,0,1,0,yes,yes,Medium,Yes,12.0
305,2,short_time,2,no,17,0,3,8,no,yes,Low,No,8.333333333333334
306,3,Medium_time,4,yes,18,0,4,6,yes,yes,High,Yes,15.666666666666666
307,3,Medium_time,1,yes,17,0,4,0,yes,yes,Medium,Yes,12.0
308,4,Medium_time,4,yes,18,0,2,8,yes,yes,Medium,Yes,11.0
309,4,Medium_time,2,yes,18,0,3,4,yes,yes,Medium,Yes,12.0
310,2,Medium_time,1,no,18,0,2,12,no,yes,Low,No,9.0
311,3,Medium_time,3,yes,19,0,3,16,yes,yes,Medium,Yes,11.666666666666666
312,2,very_long_time,3,yes,18,0,3,10,yes,yes,High,Yes,16.0
313,1,Medium_time,1,yes,18,0,1,2,no,no,Medium,Yes,13.0
314,1,Medium_time,2,yes,17,0,2,2,yes,no,High,Yes,17.0
315,2,Medium_time,1,yes,18,0,2,8,no,yes,High,Yes,14.333333333333334
316,2,Medium_time,4,yes,17,0,1,6,no,yes,High,Yes,15.666666666666666
317,2,Medium_time,2,yes,17,0,3,6,no,yes,Medium,Yes,12.0
318,3,Medium_time,2,no,18,0,1,15,no,yes,Medium,Yes,10.333333333333334
319,4,short_time,4,yes,18,0,4,6,yes,yes,Medium,Yes,11.666666666666666
320,4,Medium_time,4,yes,18,1,1,2,yes,yes,Medium,Yes,13.0
321,2,long_time,2,yes,17,0,1,8,no,yes,High,Yes,14.333333333333334
322,3,Medium_time,2,no,19,1,3,0,no,yes,Low,No,9.0
323,4,short_time,3,yes,18,0,2,0,yes,yes,Medium,Yes,10.0
324,1,short_time,2,no,18,0,4,10,no,yes,Medium,Yes,10.333333333333334
325,4,short_time,1,yes,17,0,4,22,yes,yes,Medium,Yes,10.666666666666666
326,3,short_time,2,yes,17,0,4,18,no,yes,Medium,Yes,13.0
327,1,very_long_time,1,yes,18,0,1,2,yes,no,High,Yes,17.333333333333332
328,1,Medium_time,1,yes,18,0,1,0,yes,yes,Medium,Yes,12.666666666666666
329,2,Medium_time,2,yes,17,0,2,12,no,yes,Medium,Yes,12.666666666666666
330,2,Medium_time,1,yes,18,0,1,10,yes,yes,Medium,Yes,13.0
331,1,Medium_time,1,yes,17,0,2,0,no,yes,Medium,Yes,12.0
332,2,long_time,2,yes,18,0,2,0,no,yes,High,Yes,18.0
333,1,long_time,1,yes,17,0,1,0,no,yes,Medium,Yes,13.333333333333334
334,2,long_time,1,yes,18,0,3,0,yes,yes,High,Yes,14.666666666666666
335,4,Medium_time,4,yes,18,0,1,0,yes,yes,High,Yes,17.0
336,4,Medium_time,2,yes,18,0,4,2,yes,yes,High,Yes,15.666666666666666
337,4,long_time,3,yes,17,0,2,0,no,yes,High,Yes,17.666666666666668
338,3,very_long_time,1,yes,17,0,1,0,no,no,High,Yes,18.666666666666668
339,3,long_time,2,yes,18,0,1,0,yes,yes,High,Yes,14.666666666666666
340,3,short_time,3,yes,17,0,3,0,no,yes,High,Yes,14.666666666666666
341,4,Medium_time,4,yes,19,0,3,2,yes,yes,Medium,Yes,13.333333333333334
342,4,Medium_time,3,yes,18,0,2,0,no,yes,Medium,Yes,13.666666666666666
343,4,very_long_time,3,yes,18,0,1,0,no,yes,High,Yes,16.666666666666668
344,4,short_time,4,yes,18,0,2,0,no,yes,High,Yes,17.666666666666668
345,4,Medium_time,4,yes,18,0,1,0,no,yes,High,Yes,14.666666666666666
346,4,short_time,4,yes,17,0,2,0,no,yes,Medium,Yes,12.666666666666666
347,4,long_time,4,yes,17,0,1,0,yes,yes,Low,No,7.333333333333333
348,4,long_time,2,yes,17,0,1,0,no,yes,High,Yes,16.0
349,3,very_long_time,2,yes,17,0,2,0,yes,yes,High,Yes,18.0
350,2,long_time,1,yes,19,1,1,0,yes,yes,Medium,Yes,10.0
351,3,short_time,2,yes,20,2,1,0,yes,no,High,Yes,14.666666666666666
352,3,Medium_time,3,yes,19,0,2,0,yes,no,Medium,Yes,10.333333333333334
353,1,Medium_time,4,yes,18,0,2,2,no,no,Medium,Yes,10.333333333333334
354,2,Medium_time,1,yes,18,0,2,2,yes,yes,Medium,Yes,13.0
355,2,Medium_time,3,yes,17,0,1,2,yes,yes,Medium,Yes,12.333333333333334
356,4,short_time,4,yes,17,0,1,2,yes,yes,High,Yes,16.0
357,4,long_time,3,yes,18,0,1,2,yes,yes,High,Yes,15.333333333333334
358,4,short_time,3,yes,18,0,4,8,no,yes,Medium,Yes,13.0
359,3,long_time,4,yes,17,0,5,2,yes,yes,High,Yes,15.666666666666666
360,3,Medium_time,3,yes,18,0,1,8,no,yes,Medium,Yes,12.333333333333334
361,4,Medium_time,2,yes,19,0,1,9,yes,yes,Medium,Yes,10.333333333333334
362,4,Medium_time,4,yes,18,0,3,0,no,yes,Medium,Yes,12.0
363,3,short_time,4,yes,18,0,1,4,yes,yes,Medium,Yes,12.333333333333334
364,4,short_time,4,yes,17,0,2,2,yes,yes,High,Yes,15.333333333333334
365,4,Medium_time,3,yes,17,0,2,14,no,yes,High,Yes,15.333333333333334
366,3,Medium_time,3,yes,17,0,1,0,no,yes,Medium,Yes,12.333333333333334
367,2,Medium_time,1,yes,17,0,2,2,yes,yes,Medium,Yes,12.333333333333334
368,4,short_time,4,yes,18,0,4,2,no,yes,Medium,No,9.333333333333334
369,1,long_time,1,no,19,0,3,12,yes,no,Medium,Yes,10.333333333333334
370,1,Medium_time,1,yes,19,2,1,2,no,yes,Low,No,8.333333333333334
371,2,short_time,2,yes,18,0,4,2,yes,yes,Medium,Yes,10.0
372,2,Medium_time,2,yes,17,0,1,4,no,no,Medium,Yes,13.333333333333334
373,2,long_time,2,yes,17,0,2,0,yes,yes,Medium,Yes,10.666666666666666
374,3,long_time,1,yes,17,0,3,0,no,yes,High,Yes,17.333333333333332
375,0,long_time,2,yes,17,0,3,0,no,yes,High,Yes,14.333333333333334
376,1,long_time,1,yes,18,0,2,0,yes,yes,Medium,Yes,14.0
377,4,long_time,4,yes,18,0,2,0,yes,yes,Medium,Yes,13.333333333333334
378,3,short_time,3,yes,17,0,5,0,yes,yes,High,Yes,17.333333333333332
379,2,short_time,2,yes,17,0,5,2,no,yes,Medium,Yes,10.333333333333334
380,4,long_time,4,yes,17,0,3,0,yes,yes,Medium,Yes,12.666666666666666
381,4,long_time,4,yes,17,0,2,4,no,yes,High,Yes,14.666666666666666
382,3,short_time,3,yes,17,0,5,2,yes,yes,Medium,Yes,11.333333333333334
383,2,very_long_time,2,yes,18,0,4,0,yes,yes,Medium,Yes,11.333333333333334
384,3,short_time,2,yes,19,0,2,0,no,no,Medium,Yes,10.333333333333334
385,2,Medium_time,2,yes,18,0,1,2,yes,no,Medium,No,9.666666666666666
386,2,long_time,4,yes,17,0,1,0,no,yes,High,Yes,15.0
387,2,short_time,2,yes,18,0,2,6,no,yes,High,Yes,14.666666666666666
388,3,Medium_time,3,yes,18,0,1,8,yes,yes,Medium,Yes,11.0
389,2,Medium_time,2,yes,18,0,1,0,yes,yes,Medium,Yes,10.333333333333334
390,2,very_long_time,2,yes,18,0,1,6,yes,no,Medium,Yes,13.666666666666666
391,3,long_time,4,yes,17,0,3,8,no,yes,Medium,Yes,12.666666666666666
392,3,Medium_time,2,yes,17,0,3,0,no,yes,Medium,Yes,13.333333333333334
393,3,very_long_time,3,yes,18,0,1,4,no,yes,High,Yes,14.333333333333334
394,3,Medium_time,2,yes,17,0,3,0,no,yes,High,Yes,14.666666666666666
395,4,Medium_time,4,yes,18,0,2,0,yes,yes,Medium,Yes,12.333333333333334
396,3,Medium_time,4,yes,18,0,3,6,yes,yes,High,Yes,16.333333333333332
397,2,Medium_time,2,yes,17,0,2,18,no,yes,Medium,Yes,12.0
398,2,long_time,3,yes,18,0,2,0,no,yes,Medium,Yes,12.333333333333334
399,3,long_time,2,yes,18,0,3,4,no,yes,High,Yes,15.666666666666666
400,4,long_time,3,yes,18,0,2,4,no,yes,High,Yes,15.333333333333334
401,4,long_time,3,yes,18,0,3,0,no,yes,Medium,Yes,13.666666666666666
402,4,long_time,3,yes,17,0,3,0,yes,yes,Medium,Yes,12.0
403,2,Medium_time,1,yes,17,0,2,10,yes,yes,Medium,Yes,14.0
404,2,Medium_time,1,yes,17,0,4,4,yes,yes,High,Yes,14.666666666666666
405,2,short_time,3,no,19,1,4,16,no,yes,Medium,Yes,10.666666666666666
406,3,short_time,1,yes,17,1,1,6,no,yes,Medium,Yes,12.0
407,4,long_time,4,yes,21,2,1,0,yes,yes,Medium,Yes,11.0
408,2,Medium_time,2,no,18,0,3,11,yes,yes,Medium,Yes,10.666666666666666
409,3,Medium_time,4,yes,18,0,4,9,yes,yes,Medium,Yes,14.0
410,2,Medium_time,2,yes,17,0,3,0,yes,yes,High,Yes,15.666666666666666
411,4,long_time,4,yes,17,0,2,2,no,yes,Medium,Yes,14.0
412,4,Medium_time,2,yes,18,0,1,0,yes,yes,High,Yes,16.0
413,1,Medium_time,1,no,21,2,2,21,yes,yes,Medium,No,9.666666666666666
414,1,long_time,1,yes,20,0,3,8,no,yes,Medium,Yes,13.666666666666666
415,4,short_time,4,yes,19,1,4,5,no,yes,Medium,Yes,10.0
416,3,Medium_time,2,yes,17,0,2,10,no,yes,High,Yes,17.333333333333332
417,3,long_time,2,yes,18,0,2,5,no,yes,High,Yes,16.0
418,2,short_time,3,yes,18,0,5,13,no,yes,Medium,Yes,13.666666666666666
419,2,short_time,1,yes,19,0,4,10,no,yes,Medium,No,9.666666666666666
420,2,Medium_time,2,yes,18,0,3,10,no,yes,High,Yes,16.0
421,1,short_time,0,yes,20,1,1,5,no,yes,Medium,No,9.333333333333334
422,3,Medium_time,2,yes,18,0,2,4,yes,yes,Medium,Yes,12.0
423,1,short_time,3,no,16,0,3,11,no,yes,Medium,Yes,10.666666666666666
424,2,Medium_time,2,yes,16,0,1,0,yes,yes,Medium,Yes,12.0
425,1,short_time,1,yes,15,1,1,6,no,no,Medium,Yes,10.0
426,3,short_time,3,yes,15,0,3,4,no,yes,Medium,Yes,10.333333333333334
427,2,Medium_time,3,yes,16,0,2,0,no,no,High,Yes,16.666666666666668
428,2,short_time,1,no,15,0,1,0,no,no,Low,No,7.666666666666667
429,4,Medium_time,4,yes,16,0,3,5,no,no,Medium,Yes,10.666666666666666
430,1,long_time,2,yes,16,0,1,0,no,yes,Medium,Yes,10.666666666666666
431,3,Medium_time,2,yes,17,1,2,0,no,no,Medium,Yes,10.0
432,1,short_time,1,no,17,1,2,0,no,yes,Low,No,6.333333333333333
433,4,short_time,4,yes,15,0,5,0,no,yes,Medium,Yes,13.666666666666666
434,2,very_long_time,2,no,16,0,1,4,yes,no,Medium,Yes,10.0
435,1,Medium_time,1,yes,15,0,2,0,no,yes,Medium,Yes,10.0
436,1,short_time,1,yes,15,1,2,4,no,yes,Low,No,7.0
437,0,short_time,2,yes,16,0,2,0,yes,no,Medium,Yes,11.666666666666666
438,2,short_time,3,yes,17,0,3,2,no,yes,Medium,Yes,11.0
439,3,short_time,3,yes,15,0,1,0,no,yes,High,Yes,15.333333333333334
440,1,Medium_time,1,yes,16,0,5,0,yes,no,Low,No,2.3333333333333335
441,1,Medium_time,1,yes,17,0,4,4,no,yes,Low,No,8.666666666666666
442,4,Medium_time,1,yes,15,0,2,0,yes,yes,Medium,Yes,13.0
443,4,Medium_time,1,yes,15,0,2,7,yes,yes,Low,No,8.0
444,3,Medium_time,4,yes,16,0,2,4,no,no,Medium,Yes,10.0
445,1,Medium_time,1,yes,15,0,4,8,yes,no,Low,No,8.333333333333334
446,3,Medium_time,3,yes,15,0,1,0,yes,yes,Medium,Yes,11.0
447,2,short_time,1,no,17,0,5,8,yes,no,Low,No,9.0
448,4,long_time,4,yes,16,0,1,6,yes,yes,High,Yes,16.333333333333332
449,1,short_time,2,yes,15,0,1,3,no,no,Medium,Yes,12.333333333333334
450,2,Medium_time,3,yes,16,0,2,2,no,yes,High,Yes,15.0
451,1,Medium_time,2,yes,16,0,1,0,no,no,Medium,Yes,10.666666666666666
452,2,Medium_time,2,yes,16,0,1,4,no,yes,Medium,Yes,10.0
453,1,long_time,2,yes,16,1,2,0,no,no,Low,No,8.666666666666666
454,1,long_time,2,yes,16,1,2,3,no,no,Low,No,8.333333333333334
455,2,Medium_time,1,yes,15,0,3,0,no,yes,Medium,No,9.333333333333334
456,1,Medium_time,1,yes,16,0,1,0,no,no,Medium,Yes,14.0
457,1,short_time,2,yes,17,0,5,4,yes,yes,Medium,Yes,10.666666666666666
458,1,very_long_time,1,yes,16,0,1,0,no,yes,Medium,Yes,12.0
459,1,long_time,1,yes,16,0,1,2,no,no,Medium,No,9.666666666666666
460,1,Medium_time,1,yes,15,0,1,1,yes,yes,Medium,Yes,10.666666666666666
461,1,short_time,1,yes,16,0,3,0,yes,yes,Medium,Yes,13.0
462,1,Medium_time,1,yes,15,0,2,0,no,no,Medium,Yes,13.666666666666666
463,2,long_time,2,yes,15,0,2,2,no,no,Medium,Yes,12.333333333333334
464,1,short_time,1,yes,16,0,4,6,yes,no,Medium,Yes,11.0
465,1,Medium_time,2,yes,18,1,3,9,yes,yes,Low,No,8.333333333333334
466,3,short_time,1,yes,15,0,3,0,no,no,Medium,Yes,10.0
467,2,Medium_time,2,yes,16,0,1,1,yes,yes,Medium,Yes,13.666666666666666
468,2,short_time,2,yes,15,0,2,1,no,no,Medium,Yes,12.666666666666666
469,4,Medium_time,4,yes,16,0,1,0,yes,no,Medium,Yes,12.666666666666666
470,3,Medium_time,3,yes,15,0,1,4,no,yes,Medium,Yes,12.333333333333334
471,2,Medium_time,2,yes,16,1,3,2,yes,no,Medium,Yes,11.666666666666666
472,2,short_time,2,yes,16,0,1,0,yes,no,High,Yes,14.666666666666666
473,2,short_time,1,yes,16,0,3,4,yes,yes,Medium,No,9.333333333333334
474,1,short_time,3,yes,15,0,5,2,yes,yes,Medium,Yes,10.666666666666666
475,2,long_time,2,yes,15,0,1,0,yes,no,Medium,Yes,13.0
476,2,short_time,1,yes,16,0,1,2,no,yes,Low,No,8.666666666666666
477,3,short_time,3,yes,15,0,4,11,yes,yes,Medium,Yes,11.0
478,1,Medium_time,1,yes,16,3,1,0,no,no,Low,No,7.333333333333333
479,2,short_time,2,no,17,0,1,4,yes,no,Medium,No,9.333333333333334
480,2,short_time,3,no,19,1,1,0,no,yes,Medium,No,9.333333333333334
481,2,short_time,1,no,17,0,1,2,yes,no,Medium,Yes,10.0
482,1,short_time,1,no,15,0,3,0,no,no,Medium,No,9.333333333333334
483,2,Medium_time,2,no,16,0,2,1,no,yes,Medium,Yes,10.0
484,2,short_time,2,no,16,0,2,6,no,no,Low,No,7.333333333333333
485,2,Medium_time,2,yes,17,0,2,0,no,yes,Medium,Yes,10.666666666666666
486,2,short_time,2,yes,16,1,4,1,yes,yes,Medium,No,9.666666666666666
487,3,long_time,2,no,18,2,1,6,no,no,Low,No,8.666666666666666
488,1,long_time,1,no,19,1,1,6,yes,no,Low,No,8.333333333333334
489,1,short_time,1,no,18,1,4,0,yes,yes,Low,No,9.0
490,1,short_time,1,no,18,1,1,4,no,yes,Medium,Yes,10.0
491,1,Medium_time,1,yes,19,1,1,12,no,yes,Low,No,8.0
492,2,Medium_time,2,yes,16,0,1,2,no,no,Medium,No,9.333333333333334
493,0,short_time,1,yes,17,0,5,5,yes,no,Medium,No,9.333333333333334
494,1,Medium_time,2,no,16,0,3,0,yes,yes,Low,No,8.666666666666666
495,3,short_time,3,no,16,0,1,0,yes,yes,Medium,Yes,13.333333333333334
496,1,short_time,1,yes,16,0,2,2,yes,yes,Medium,Yes,14.0
497,3,very_long_time,3,yes,17,1,4,0,yes,no,Medium,Yes,10.333333333333334
498,2,Medium_time,1,yes,16,0,1,0,yes,yes,Medium,Yes,13.666666666666666
499,2,short_time,2,yes,16,0,2,0,yes,no,High,Yes,16.333333333333332
500,1,short_time,2,no,17,1,5,12,yes,yes,Low,No,6.666666666666667
501,4,short_time,3,yes,16,0,5,8,yes,yes,Medium,Yes,13.0
502,2,very_long_time,2,yes,17,1,5,2,no,no,Low,No,9.0
503,1,very_long_time,1,yes,16,0,1,0,yes,yes,Medium,Yes,14.0
504,2,long_time,2,yes,19,0,1,0,no,yes,Medium,Yes,12.666666666666666
505,1,short_time,1,yes,17,0,2,0,yes,yes,Medium,Yes,11.0
506,3,Medium_time,3,yes,20,1,4,8,yes,yes,Medium,Yes,10.0
507,1,long_time,1,yes,17,0,1,0,no,no,Medium,Yes,10.666666666666666
508,2,short_time,2,yes,17,1,2,0,no,yes,Medium,No,9.333333333333334
509,1,Medium_time,1,yes,16,0,1,0,no,no,High,Yes,17.0
510,2,Medium_time,2,yes,17,0,1,0,yes,no,High,Yes,16.333333333333332
511,1,Medium_time,0,yes,17,0,1,1,no,yes,Medium,Yes,10.0
512,1,Medium_time,1,yes,18,1,1,9,no,yes,Low,No,7.0
513,3,short_time,1,yes,16,0,3,0,yes,yes,Low,No,7.333333333333333
514,3,short_time,2,yes,16,0,4,2,no,yes,Low,No,6.666666666666667
515,1,Medium_time,1,yes,18,0,4,8,no,no,Low,No,9.0
516,4,Medium_time,4,yes,16,0,3,0,yes,yes,High,Yes,15.333333333333334
517,1,short_time,2,yes,16,0,4,0,yes,yes,High,Yes,14.333333333333334
518,2,Medium_time,4,yes,18,1,3,8,no,yes,Low,No,7.0
519,2,Medium_time,1,yes,16,0,1,0,yes,yes,Low,No,5.0
520,1,Medium_time,1,yes,16,0,3,6,no,yes,Low,No,7.333333333333333
521,2,Medium_time,3,yes,16,0,1,0,yes,yes,Medium,No,9.333333333333334
522,4,Medium_time,4,yes,16,0,2,4,no,yes,Low,No,8.0
523,4,very_long_time,4,no,18,0,5,2,yes,yes,Low,No,5.666666666666667
524,3,Medium_time,4,yes,16,0,1,2,no,no,Low,No,8.0
525,4,long_time,4,yes,17,0,2,0,no,yes,High,Yes,15.0
526,4,short_time,1,yes,17,0,2,1,no,yes,Medium,Yes,13.666666666666666
527,2,long_time,2,yes,16,0,2,0,no,no,Medium,No,9.666666666666666
528,2,short_time,2,yes,17,0,2,5,no,yes,Low,No,9.0
529,4,short_time,4,yes,16,0,2,1,no,no,Medium,Yes,11.0
530,3,short_time,3,yes,17,0,5,8,yes,yes,Low,No,8.666666666666666
531,1,Medium_time,1,yes,17,0,3,0,no,yes,Medium,Yes,10.0
532,2,Medium_time,1,yes,16,0,4,2,no,yes,Low,No,8.0
533,2,Medium_time,1,yes,16,0,1,0,no,yes,High,Yes,15.0
534,4,short_time,4,yes,16,0,5,0,no,yes,Medium,Yes,11.666666666666666
535,1,Medium_time,2,yes,15,0,3,11,yes,no,Medium,Yes,10.0
536,2,very_long_time,2,yes,15,0,3,8,yes,no,Medium,Yes,13.666666666666666
537,2,short_time,1,yes,15,0,2,11,yes,yes,Medium,Yes,12.333333333333334
538,2,long_time,2,yes,16,0,2,2,no,no,Medium,Yes,11.0
539,4,Medium_time,1,yes,16,0,2,8,yes,yes,Medium,No,9.666666666666666
540,3,short_time,2,yes,17,0,2,5,no,no,Medium,Yes,10.333333333333334
541,2,Medium_time,2,yes,17,0,1,0,no,no,Medium,Yes,10.333333333333334
542,4,long_time,4,yes,16,0,4,1,no,yes,Medium,Yes,11.0
543,4,short_time,4,yes,17,3,3,2,yes,yes,Low,No,8.666666666666666
544,1,short_time,3,yes,17,0,3,2,yes,no,Medium,Yes,11.666666666666666
545,3,Medium_time,4,yes,17,1,4,8,yes,yes,Low,No,8.333333333333334
546,4,Medium_time,4,yes,17,0,1,0,no,yes,High,Yes,14.666666666666666
547,4,short_time,1,yes,16,0,1,0,no,yes,Medium,Yes,10.666666666666666
548,1,Medium_time,1,yes,17,0,2,2,yes,yes,Medium,Yes,10.666666666666666
549,4,Medium_time,2,yes,17,0,3,0,no,yes,High,Yes,17.666666666666668
550,2,Medium_time,2,yes,16,0,2,0,no,yes,Medium,Yes,12.666666666666666
551,3,Medium_time,2,yes,17,0,2,0,no,yes,Medium,Yes,13.333333333333334
552,1,Medium_time,1,no,19,2,4,2,yes,yes,Medium,No,9.333333333333334
553,1,short_time,0,yes,17,0,1,4,no,no,Medium,Yes,11.333333333333334
554,1,short_time,1,no,17,0,2,3,yes,yes,Medium,Yes,10.333333333333334
555,1,long_time,2,yes,16,0,1,5,no,yes,Medium,Yes,13.333333333333334
556,1,short_time,2,yes,16,0,4,4,no,no,Medium,Yes,10.0
557,3,Medium_time,1,yes,17,3,1,2,yes,yes,Low,No,8.666666666666666
558,2,short_time,2,no,17,0,5,0,yes,no,Medium,Yes,10.333333333333334
559,1,short_time,0,yes,18,1,1,0,no,no,Medium,Yes,12.333333333333334
560,1,short_time,1,yes,17,0,3,0,yes,yes,Medium,No,9.666666666666666
561,1,Medium_time,1,yes,18,0,4,6,yes,no,Medium,No,9.666666666666666
562,2,Medium_time,2,yes,16,0,1,0,yes,no,Medium,Yes,12.0
563,2,short_time,2,yes,17,1,3,0,yes,no,Low,No,2.3333333333333335
564,3,short_time,2,yes,16,0,3,2,no,yes,Medium,Yes,10.0
565,1,short_time,1,yes,16,0,4,0,yes,yes,Medium,No,9.666666666666666
566,1,short_time,1,no,18,1,3,2,no,yes,Low,No,8.333333333333334
567,3,short_time,2,no,18,1,2,0,no,yes,Low,No,1.3333333333333333
568,3,short_time,2,yes,19,3,1,4,yes,no,Low,No,8.666666666666666
569,3,Medium_time,3,no,18,2,3,9,yes,yes,Low,No,6.666666666666667
570,2,short_time,2,yes,16,0,4,6,yes,yes,Low,No,7.666666666666667
571,2,short_time,1,no,19,3,3,4,yes,yes,Low,No,8.666666666666666
572,3,Medium_time,2,yes,16,2,1,8,yes,no,Low,No,5.666666666666667
573,1,short_time,1,yes,17,0,2,9,yes,no,Low,No,8.666666666666666
574,1,short_time,1,no,20,1,4,12,no,yes,Medium,No,9.666666666666666
575,4,short_time,3,yes,18,0,4,8,no,yes,Medium,Yes,10.333333333333334
576,3,short_time,2,yes,18,0,5,8,no,yes,Medium,Yes,10.0
577,1,Medium_time,1,yes,19,1,3,8,no,yes,Medium,Yes,10.0
578,3,Medium_time,3,yes,17,1,3,4,no,yes,Low,No,9.0
579,1,short_time,3,no,18,0,3,0,no,yes,Medium,No,9.333333333333334
580,1,short_time,1,yes,19,1,3,4,no,yes,Low,No,9.0
581,1,Medium_time,2,yes,18,2,1,2,no,no,Low,No,7.333333333333333
582,1,short_time,1,no,19,0,1,0,no,no,Low,No,7.0
583,2,short_time,2,no,18,1,1,0,no,yes,Low,No,4.666666666666667
584,0,short_time,0,yes,17,0,1,0,no,yes,Medium,Yes,10.666666666666666
585,3,long_time,1,no,17,0,2,5,no,no,Low,No,7.666666666666667
586,4,Medium_time,2,yes,17,0,3,0,yes,yes,Low,No,5.333333333333333
587,2,Medium_time,2,yes,18,1,2,3,yes,yes,Low,No,7.0
588,4,short_time,1,yes,17,0,1,0,no,no,Low,No,9.0
589,1,short_time,2,yes,17,0,1,0,no,yes,Low,No,9.0
590,1,Medium_time,1,yes,18,2,2,3,yes,no,Low,No,7.333333333333333
591,2,Medium_time,2,yes,18,0,1,2,yes,yes,Medium,Yes,13.0
592,3,short_time,3,yes,17,0,1,0,no,yes,Medium,Yes,12.0
593,1,Medium_time,2,yes,18,0,2,0,no,yes,Medium,Yes,13.0
594,4,Medium_time,4,yes,18,0,2,0,yes,yes,High,Yes,18.0
595,4,short_time,4,yes,18,0,1,3,yes,yes,High,Yes,17.0
596,4,Medium_time,2,yes,17,0,2,0,no,yes,High,Yes,17.666666666666668
597,2,Medium_time,2,yes,18,1,1,0,yes,no,Low,No,3.0
598,1,short_time,2,yes,18,0,5,8,no,no,Medium,Yes,10.666666666666666
599,4,short_time,4,yes,18,0,1,5,yes,yes,Medium,Yes,13.0
600,1,short_time,1,no,17,0,4,4,no,no,Medium,Yes,13.0
601,2,Medium_time,2,yes,18,0,1,4,no,yes,Low,No,8.666666666666666
602,2,long_time,2,yes,18,0,4,0,no,yes,Medium,Yes,12.0
603,4,Medium_time,2,yes,18,0,1,0,yes,yes,Low,No,1.6666666666666667
604,1,Medium_time,1,no,18,1,2,2,no,no,Medium,No,9.666666666666666
605,1,short_time,1,no,19,1,3,0,no,no,Low,No,1.6666666666666667
606,4,very_long_time,2,yes,17,0,1,0,no,yes,High,Yes,18.0
607,2,Medium_time,1,yes,17,0,2,5,yes,yes,Medium,Yes,11.333333333333334
608,1,Medium_time,1,yes,18,0,2,2,no,no,Medium,No,9.666666666666666
609,1,Medium_time,2,no,18,0,1,0,no,no,Medium,Yes,11.333333333333334
610,1,Medium_time,1,no,19,3,4,0,yes,no,Low,No,2.6666666666666665
611,2,long_time,2,yes,18,0,1,5,no,yes,High,Yes,14.333333333333334
612,4,Medium_time,3,yes,17,1,3,4,yes,yes,Medium,Yes,10.666666666666666
613,3,Medium_time,3,yes,18,0,1,0,no,no,Medium,Yes,10.0
614,4,Medium_time,4,yes,17,0,2,2,yes,yes,Medium,Yes,12.0
615,3,Medium_time,2,yes,17,0,2,0,no,no,High,Yes,14.666666666666666
616,1,short_time,1,yes,18,0,2,2,no,yes,Medium,Yes,13.666666666666666
617,1,long_time,1,yes,18,0,1,0,no,yes,High,Yes,18.0
618,1,Medium_time,2,yes,18,0,4,0,no,no,High,Yes,15.333333333333334
619,3,Medium_time,3,yes,18,0,3,6,no,yes,Medium,Yes,12.666666666666666
620,4,Medium_time,4,yes,17,0,1,4,yes,yes,High,Yes,14.666666666666666
621,1,Medium_time,2,yes,17,0,2,0,no,no,Medium,Yes,13.0
622,1,Medium_time,3,yes,18,0,4,0,no,no,Low,No,9.0
623,4,long_time,4,yes,18,0,2,0,no,yes,High,Yes,15.666666666666666
624,1,short_time,1,yes,17,1,2,0,no,yes,Low,No,8.333333333333334
625,2,short_time,3,yes,18,0,2,0,no,yes,Medium,Yes,10.0
626,4,Medium_time,4,yes,18,0,2,0,no,yes,Low,No,4.0
627,1,short_time,2,no,18,0,3,3,yes,yes,Medium,No,9.666666666666666
628,2,long_time,2,yes,17,0,1,8,yes,no,Medium,Yes,11.0
629,1,short_time,2,yes,17,0,3,4,yes,yes,Low,No,8.0
630,4,long_time,4,yes,18,0,1,0,no,yes,High,Yes,16.333333333333332
631,1,long_time,1,yes,18,0,2,4,no,yes,Medium,Yes,11.0
632,1,Medium_time,1,yes,19,1,1,4,no,yes,Low,No,8.0
633,4,Medium_time,4,yes,18,0,4,1,yes,yes,Medium,Yes,13.666666666666666
634,3,Medium_time,3,yes,18,0,2,1,no,yes,High,Yes,16.0
635,3,Medium_time,1,yes,17,0,3,10,yes,yes,Low,No,8.666666666666666
636,4,Medium_time,4,yes,18,0,4,4,yes,yes,High,Yes,18.0
637,2,short_time,1,yes,18,0,3,0,yes,yes,Low,No,4.666666666666667
638,2,Medium_time,3,yes,17,0,1,4,yes,yes,High,Yes,15.0
639,1,short_time,1,yes,19,1,3,0,no,no,Low,No,4.333333333333333
640,4,short_time,2,yes,18,1,3,0,no,no,Low,No,4.666666666666667
641,2,long_time,2,yes,18,0,3,0,no,no,High,Yes,15.333333333333334
642,4,Medium_time,3,yes,17,0,1,0,no,yes,Low,No,8.666666666666666
643,4,short_time,4,yes,18,0,2,4,yes,yes,Low,No,8.666666666666666
644,2,long_time,3,yes,19,1,2,4,yes,yes,Medium,Yes,10.333333333333334
645,3,Medium_time,1,yes,18,0,1,4,no,yes,High,Yes,15.333333333333334
646,1,Medium_time,1,yes,18,0,1,6,yes,no,Medium,Yes,10.666666666666666
647,3,short_time,1,yes,17,0,4,6,no,yes,Medium,Yes,10.0
648,3,short_time,2,yes,18,0,4,4,no,yes,Medium,Yes,10.666666666666666
