Unnamed: 0,Mother_Eductaion,Revision_Time,Father_Education,Wants_Higher_Education,Age,Past_Class_Failures,Week_Drugs_Consumption,Abscence,Extra_Activities,Internet_Access,Final_grade
0,4,2,4,yes,18,0,1,6,no,no,Low
1,1,2,1,yes,17,0,1,4,no,yes,Low
2,1,2,1,yes,15,3,3,10,no,yes,Low
3,4,3,2,yes,15,0,1,2,yes,yes,High
4,3,2,3,yes,16,0,2,4,no,no,Low
5,4,2,3,yes,16,0,2,10,yes,yes,High
6,2,2,2,yes,16,0,1,0,no,yes,Medium
7,4,2,4,yes,17,0,1,6,no,no,Low
8,3,2,2,yes,15,0,1,0,no,yes,High
9,3,2,4,yes,15,0,1,0,yes,yes,High
10,4,2,4,yes,15,0,2,0,no,yes,Low
11,2,3,1,yes,15,0,1,4,yes,yes,Medium
12,4,1,4,yes,15,0,3,2,yes,yes,Medium
13,4,2,3,yes,15,0,2,2,no,yes,Medium
14,2,3,2,yes,15,0,1,0,no,yes,High
15,4,1,4,yes,16,0,2,4,no,yes,Medium
16,4,3,4,yes,16,0,2,6,yes,yes,Medium
17,3,2,3,yes,16,0,1,4,yes,no,Medium
18,3,1,2,yes,17,3,4,16,yes,yes,Low
19,4,1,3,yes,16,0,3,4,yes,yes,Medium
20,4,2,3,yes,15,0,1,0,no,yes,Medium
21,4,1,4,yes,15,0,1,0,no,yes,Medium
22,4,2,2,yes,16,0,3,2,yes,yes,High
23,2,2,2,yes,16,0,4,0,yes,yes,Medium
24,2,3,4,yes,15,0,1,2,yes,yes,Low
25,2,1,2,yes,16,2,3,14,no,yes,Low
26,2,1,2,yes,15,0,2,2,no,yes,Medium
27,4,1,2,yes,15,0,4,4,no,yes,High
28,3,2,4,yes,16,0,1,4,yes,yes,Medium
29,4,2,4,yes,16,0,5,16,yes,yes,Medium
30,4,2,4,yes,15,0,4,0,no,yes,Medium
31,4,2,4,yes,15,0,1,0,yes,yes,High
32,4,2,3,yes,15,0,1,0,yes,yes,High
33,3,2,3,yes,15,0,1,0,yes,yes,Medium
34,3,1,2,yes,16,0,1,0,no,yes,Medium
35,2,1,3,yes,15,0,1,0,yes,no,Low
36,4,3,3,yes,15,0,1,2,yes,yes,High
37,4,3,4,yes,16,0,1,7,yes,yes,High
38,3,3,4,yes,15,0,1,2,yes,yes,Medium
39,2,1,2,yes,15,0,1,8,yes,no,Medium
40,2,2,2,yes,16,1,2,25,yes,yes,Medium
41,4,1,4,yes,15,0,4,8,no,yes,Medium
42,4,2,4,yes,15,0,1,2,yes,yes,High
43,2,1,2,yes,15,0,1,0,no,yes,Low
44,2,2,2,yes,16,1,2,14,yes,yes,Medium
45,4,2,3,yes,15,0,1,8,yes,yes,Low
46,3,2,3,yes,16,0,4,12,no,yes,Medium
47,4,4,3,yes,16,0,1,4,yes,yes,High
48,4,2,2,yes,15,0,2,2,no,no,High
49,4,2,4,yes,15,1,1,2,yes,yes,Low
50,2,2,2,yes,16,0,3,2,no,yes,Medium
51,4,2,2,yes,15,0,1,2,no,yes,Medium
52,4,1,2,yes,15,1,4,6,no,no,Medium
53,4,1,4,yes,15,0,3,0,no,yes,Medium
54,3,1,3,yes,15,0,4,6,no,yes,Medium
55,2,2,1,yes,16,0,1,8,yes,yes,Low
56,4,2,3,yes,15,0,1,0,yes,yes,High
57,4,2,4,yes,15,0,1,4,yes,no,High
58,1,2,2,yes,15,0,1,2,yes,yes,Medium
59,4,2,2,yes,16,0,1,2,no,yes,High
60,4,2,4,yes,16,0,3,6,yes,no,Medium
61,1,1,1,yes,16,0,5,6,yes,yes,Medium
62,1,2,2,yes,16,0,1,4,yes,yes,Low
63,4,3,3,yes,16,0,4,2,yes,yes,Medium
64,4,2,3,yes,15,0,4,0,yes,yes,Medium
65,4,2,3,yes,16,0,2,2,yes,yes,High
66,4,4,4,yes,15,0,5,4,yes,yes,Medium
67,3,4,1,yes,16,0,2,4,no,yes,Low
68,2,2,2,yes,15,0,3,2,no,yes,Low
69,3,4,1,yes,15,0,3,12,no,yes,High
70,3,4,1,yes,16,0,1,0,no,yes,High
71,4,4,2,yes,15,0,1,0,no,yes,Medium
72,1,2,1,yes,15,2,4,2,no,yes,Low
73,3,1,1,yes,16,0,2,2,yes,no,Medium
74,3,2,3,yes,16,0,4,54,yes,yes,Medium
75,4,2,3,yes,15,0,3,6,yes,yes,Medium
76,4,4,0,yes,15,0,1,8,yes,yes,Medium
77,2,4,2,yes,16,0,3,0,no,yes,Medium
78,2,1,1,no,17,3,1,2,yes,yes,Low
79,3,2,4,yes,16,0,2,12,no,yes,Low
80,2,1,3,yes,15,0,3,2,yes,yes,Medium
81,2,3,3,yes,15,0,2,4,no,yes,Medium
82,3,2,2,yes,15,0,1,10,no,yes,Low
83,2,2,2,yes,15,0,3,4,yes,yes,High
84,1,2,1,yes,15,0,3,2,yes,yes,Medium
85,4,2,4,yes,15,2,3,6,no,yes,Low
86,2,2,2,yes,16,0,2,4,no,no,Low
87,4,3,2,yes,15,0,3,4,yes,yes,Medium
88,2,2,2,yes,16,1,1,12,yes,yes,Medium
89,4,2,4,yes,16,0,5,18,no,no,Low
90,3,3,3,yes,16,0,3,0,no,yes,Low
91,4,1,3,yes,15,0,3,4,yes,yes,High
92,3,2,1,yes,16,0,3,4,no,no,Low
93,4,2,2,yes,16,0,1,0,yes,yes,Medium
94,2,4,2,yes,15,0,1,6,yes,yes,Medium
95,1,4,1,yes,15,1,1,2,yes,yes,Low
96,4,1,3,yes,16,0,1,2,yes,yes,Medium
97,2,2,1,yes,16,0,1,2,no,no,Low
98,4,1,4,yes,16,0,2,6,yes,yes,Medium
99,4,3,3,yes,16,0,1,0,no,yes,Low
100,4,1,4,yes,16,0,5,14,yes,yes,Low
101,4,3,4,yes,16,0,1,0,yes,yes,High
102,4,1,4,yes,15,0,1,4,yes,yes,Medium
103,3,2,2,yes,15,0,1,26,no,yes,Low
104,3,2,4,yes,15,0,1,0,yes,yes,High
105,3,4,3,yes,15,0,1,10,no,no,Medium
106,2,4,2,yes,15,0,1,8,no,yes,Low
107,3,3,3,yes,16,0,1,2,yes,yes,High
108,4,4,4,yes,15,0,5,6,yes,yes,Medium
109,4,3,4,yes,16,0,1,4,yes,yes,High
110,4,1,4,yes,15,0,1,6,yes,yes,High
111,3,3,3,yes,16,1,1,0,yes,yes,Low
112,2,2,2,yes,16,1,1,6,yes,yes,Medium
113,4,1,2,yes,15,0,1,10,no,yes,High
114,2,2,1,yes,15,0,1,8,yes,yes,Low
115,4,2,4,yes,16,0,2,2,yes,yes,High
116,4,2,4,yes,15,0,1,2,yes,no,Medium
117,3,1,3,yes,16,0,1,0,yes,yes,Medium
118,1,2,3,yes,17,1,4,20,yes,yes,Low
119,3,1,4,yes,15,0,2,6,no,yes,Medium
120,1,2,2,yes,15,0,2,2,no,yes,High
121,2,4,2,yes,15,0,2,6,yes,yes,High
122,2,2,4,yes,16,0,2,2,yes,yes,Medium
123,4,1,4,yes,16,0,4,18,yes,yes,Medium
124,2,2,2,yes,16,0,1,0,no,yes,Low
125,3,1,4,yes,15,0,2,0,no,yes,Medium
126,3,2,4,yes,15,0,1,0,yes,yes,Medium
127,0,2,1,no,19,3,1,2,no,no,Low
128,2,1,2,yes,18,2,2,0,yes,yes,Low
129,4,1,4,yes,16,0,5,8,yes,yes,High
130,3,3,4,yes,15,2,2,0,no,yes,Low
131,1,1,1,yes,15,0,2,0,yes,yes,Low
132,2,1,2,yes,17,0,3,12,no,yes,Medium
133,3,1,4,yes,16,0,4,16,no,yes,Medium
134,3,2,4,yes,15,0,1,0,no,no,Low
135,4,3,4,yes,15,0,1,0,yes,yes,Low
136,3,2,4,yes,17,0,4,0,no,no,Low
137,3,1,3,yes,16,2,1,0,yes,yes,Low
138,1,2,1,yes,16,1,3,0,no,no,Medium
139,4,1,4,yes,15,0,1,0,yes,yes,High
140,4,4,3,yes,15,0,1,0,no,yes,Low
141,2,1,2,yes,16,2,2,8,yes,yes,Low
142,4,3,4,yes,15,0,1,2,yes,yes,Medium
143,1,1,1,yes,16,0,3,2,no,yes,Medium
144,2,1,1,yes,17,3,2,0,no,yes,Low
145,1,2,1,yes,15,0,2,0,no,yes,Medium
146,3,2,2,yes,15,3,1,0,no,yes,Low
147,1,2,2,yes,15,0,1,2,no,yes,Medium
148,4,1,4,no,16,0,1,0,no,yes,Low
149,2,1,1,yes,15,3,5,0,no,yes,Low
150,1,1,1,no,18,3,5,0,no,yes,Low
151,2,1,1,yes,16,1,5,6,yes,no,Medium
152,3,3,3,yes,15,2,3,8,yes,yes,Medium
153,3,1,2,no,19,3,1,0,no,yes,Low
154,4,1,4,yes,17,0,1,0,no,no,Medium
155,2,2,3,yes,15,0,1,2,yes,no,Low
156,1,1,2,yes,17,0,3,8,no,no,Medium
157,1,1,1,yes,18,3,5,6,yes,no,Low
158,2,1,2,yes,16,0,2,2,no,no,High
159,3,2,3,yes,16,1,4,4,no,yes,Medium
160,2,1,1,no,17,2,2,0,yes,yes,Low
161,3,2,2,yes,15,2,4,6,no,yes,Low
162,1,1,2,yes,16,1,4,0,yes,no,Low
163,1,1,3,no,17,0,4,2,no,yes,Medium
164,1,2,1,no,17,3,5,0,yes,no,Low
165,3,1,2,no,16,1,1,16,yes,no,Medium
166,2,2,2,no,16,0,4,4,no,yes,Medium
167,4,2,2,yes,16,0,1,0,no,yes,High
168,2,2,2,yes,16,0,1,0,no,yes,Low
169,4,2,4,yes,16,0,1,0,no,yes,Medium
170,3,1,4,yes,16,2,4,0,yes,yes,Low
171,1,2,0,yes,16,0,1,2,yes,yes,High
172,4,2,4,yes,17,0,3,0,yes,yes,Medium
173,1,2,3,yes,16,3,1,0,yes,yes,Low
174,3,2,3,yes,16,0,1,4,yes,yes,Medium
175,4,2,3,yes,17,0,4,4,yes,yes,Medium
176,2,2,2,yes,16,0,4,2,yes,yes,Medium
177,3,2,3,yes,17,0,4,4,yes,yes,Low
178,4,1,2,yes,16,0,4,10,yes,yes,Low
179,4,2,3,yes,17,0,1,4,yes,yes,Medium
180,4,2,3,yes,16,0,3,10,yes,yes,Low
181,3,2,3,yes,16,0,2,2,yes,yes,Medium
182,2,2,4,yes,17,0,3,0,yes,no,High
183,3,2,3,yes,17,0,3,56,yes,yes,Low
184,3,2,2,yes,16,0,2,14,no,yes,Medium
185,3,2,3,yes,17,0,3,12,yes,yes,Medium
186,1,1,2,yes,16,0,2,2,yes,yes,Medium
187,2,2,1,yes,16,0,2,0,yes,yes,High
188,3,2,3,yes,17,0,3,6,no,yes,Low
189,1,2,2,yes,17,0,5,4,no,no,Low
190,2,2,3,yes,16,0,1,10,no,yes,Medium
191,1,2,1,yes,17,0,1,0,yes,yes,Low
192,1,2,2,yes,17,0,5,12,yes,yes,Low
193,3,1,3,yes,16,0,4,8,yes,yes,Low
194,2,1,3,yes,16,0,1,0,no,yes,Medium
195,2,2,4,yes,17,0,1,0,yes,yes,High
196,4,1,4,yes,17,0,2,4,no,yes,High
197,3,1,3,yes,16,0,5,8,yes,yes,Medium
198,4,1,4,yes,17,1,3,24,no,yes,High
199,4,2,4,yes,16,0,2,0,no,yes,Medium
200,4,2,3,yes,16,0,5,2,yes,yes,High
201,2,2,3,yes,16,0,3,6,yes,no,Medium
202,1,2,1,yes,17,0,3,4,no,no,Medium
203,2,1,2,yes,17,0,2,18,no,yes,Low
204,2,4,2,yes,16,0,1,6,yes,yes,Medium
205,3,3,4,yes,17,1,4,28,no,yes,Medium
206,3,2,1,yes,16,3,2,5,no,yes,Low
207,4,2,3,yes,16,0,1,10,yes,yes,Medium
208,1,1,1,yes,16,0,4,6,no,no,Medium
209,4,3,3,yes,17,0,1,6,yes,yes,Low
210,3,4,3,yes,19,0,2,10,yes,yes,Low
211,4,2,4,yes,17,0,5,13,no,yes,Medium
212,2,2,2,yes,16,0,1,0,no,yes,Medium
213,2,2,2,yes,18,1,4,15,yes,yes,Low
214,4,1,4,yes,17,0,2,12,no,no,Medium
215,3,2,2,yes,17,0,3,2,no,yes,High
216,4,2,3,yes,17,2,4,22,no,yes,Low
217,3,2,3,yes,18,1,4,13,no,yes,Low
218,2,1,3,yes,17,0,4,3,no,no,Low
219,2,3,2,yes,17,0,1,4,yes,yes,Medium
220,2,2,1,yes,17,0,2,2,yes,yes,Low
221,1,3,1,yes,17,1,1,0,yes,no,Low
222,2,2,3,yes,16,0,1,2,no,yes,High
223,2,2,2,yes,18,0,5,0,no,yes,Medium
224,4,3,4,yes,16,0,1,0,yes,yes,Medium
225,3,2,1,yes,18,1,1,16,yes,yes,Low
226,3,2,2,yes,17,0,3,10,yes,yes,High
227,2,2,3,yes,17,0,3,2,no,yes,Medium
228,2,2,1,yes,18,0,5,14,yes,yes,Low
229,2,3,1,yes,17,0,2,10,yes,yes,Medium
230,4,2,3,yes,17,0,2,14,yes,yes,Medium
231,2,2,2,yes,17,0,1,4,yes,yes,Medium
232,4,2,4,yes,17,0,3,14,yes,yes,Medium
233,4,2,4,yes,16,0,4,2,yes,yes,Medium
234,1,2,1,yes,16,0,1,18,no,yes,Low
235,3,3,2,yes,16,0,3,10,yes,yes,Medium
236,2,2,2,yes,17,0,5,4,yes,yes,Medium
237,2,1,1,yes,16,0,1,20,no,yes,Medium
238,2,2,1,yes,17,0,1,2,yes,no,Medium
239,2,2,2,no,18,1,5,0,no,yes,Low
240,4,2,3,yes,17,0,4,14,yes,yes,Medium
241,4,2,4,yes,17,0,3,2,no,yes,Medium
242,4,1,3,yes,16,0,1,0,yes,yes,Low
243,4,1,4,yes,16,0,2,0,yes,yes,Medium
244,2,3,1,yes,18,0,1,0,no,yes,Low
245,2,1,1,yes,16,0,1,6,no,yes,High
246,2,1,3,yes,17,0,1,4,no,yes,Medium
247,3,1,1,no,22,3,5,16,no,yes,Low
248,3,2,3,yes,18,1,3,8,no,yes,Low
249,0,1,2,yes,16,0,4,0,no,yes,High
250,3,1,2,no,18,1,4,0,no,yes,Low
251,3,2,3,yes,16,0,3,6,no,yes,Low
252,2,1,1,no,18,1,5,4,no,yes,Low
253,2,1,1,yes,16,0,3,0,yes,no,Low
254,2,1,1,yes,17,0,4,0,no,yes,Medium
255,1,1,1,yes,17,1,2,2,yes,yes,Low
256,4,4,2,yes,17,0,1,6,yes,yes,Medium
257,4,2,3,yes,19,0,1,12,no,yes,Medium
258,2,2,1,yes,18,0,2,8,yes,yes,High
259,2,4,2,yes,17,0,1,0,yes,yes,Low
260,4,2,3,yes,18,0,3,21,no,yes,High
261,4,2,3,yes,18,0,1,2,no,yes,Low
262,3,3,2,yes,18,0,1,1,yes,no,Medium
263,3,3,3,yes,17,0,1,4,yes,no,Medium
264,2,3,2,yes,18,0,1,0,yes,yes,Low
265,3,2,4,yes,18,0,4,13,yes,yes,High
266,3,2,1,yes,17,0,4,2,yes,yes,Medium
267,4,2,4,yes,18,0,2,8,yes,yes,Medium
268,4,2,2,yes,18,0,3,10,yes,yes,Medium
269,2,2,1,no,18,0,2,0,no,yes,Low
270,3,2,3,yes,19,2,3,15,yes,yes,Low
271,2,4,3,yes,18,0,3,4,yes,yes,High
272,1,2,1,yes,18,0,1,2,no,no,Medium
273,1,2,2,yes,17,0,2,2,yes,no,High
274,2,2,4,yes,17,0,1,2,no,yes,Medium
275,2,2,2,yes,17,0,3,6,no,yes,Medium
276,3,2,2,no,18,0,1,75,no,yes,Medium
277,4,1,4,yes,18,0,4,22,yes,yes,Low
278,4,2,4,yes,18,1,1,15,yes,yes,Low
279,4,1,3,yes,18,0,2,8,yes,yes,Medium
280,4,1,1,yes,17,0,4,30,yes,yes,Low
281,3,1,2,yes,17,1,4,19,no,yes,Medium
282,1,4,1,yes,18,0,1,1,yes,no,Medium
283,1,2,1,yes,18,0,1,4,yes,yes,Low
284,2,2,2,yes,17,0,2,4,no,yes,Medium
285,1,2,1,yes,17,0,2,2,no,yes,Medium
286,2,3,2,yes,18,0,2,5,no,yes,High
287,1,3,1,yes,17,0,1,6,no,yes,Medium
288,2,3,1,yes,18,0,3,6,yes,yes,High
289,4,2,4,yes,18,0,1,9,yes,yes,High
290,4,2,2,yes,18,0,4,11,yes,yes,Medium
291,4,3,3,yes,17,0,2,0,no,yes,High
292,2,2,1,yes,18,1,1,12,no,yes,Medium
293,3,4,1,yes,17,0,1,6,no,no,High
294,3,3,2,yes,18,0,1,8,yes,yes,Medium
295,3,1,3,yes,17,0,3,4,no,yes,Medium
296,4,2,4,yes,19,0,3,0,yes,yes,Low
297,4,2,3,yes,18,0,2,10,no,yes,Low
298,4,4,3,yes,18,0,1,0,no,yes,Medium
299,4,1,4,yes,18,0,2,5,no,yes,High
300,4,2,4,yes,18,0,1,14,no,yes,Medium
301,4,1,4,yes,17,0,2,0,no,yes,Medium
302,4,3,2,yes,17,0,1,0,no,yes,Medium
303,3,4,2,yes,17,0,2,0,yes,yes,High
304,3,2,3,yes,19,1,1,20,yes,yes,Medium
305,2,2,4,yes,18,1,1,8,yes,yes,Medium
306,3,1,2,yes,20,0,1,0,yes,no,High
307,4,1,4,yes,19,1,1,38,no,yes,Low
308,3,2,3,yes,19,1,2,0,yes,no,Medium
309,1,2,1,yes,19,1,3,18,yes,yes,Medium
310,1,2,2,yes,19,1,2,0,yes,no,Low
311,2,2,1,no,19,0,1,20,no,yes,Medium
312,1,2,2,yes,19,1,2,3,no,yes,Medium
313,3,2,2,yes,19,1,2,22,no,yes,Medium
314,1,3,1,yes,19,2,1,14,no,yes,Medium
315,2,3,3,yes,19,1,1,40,no,yes,Medium
316,2,2,1,yes,18,0,2,0,yes,yes,Low
317,4,3,3,yes,18,0,1,9,yes,yes,Medium
318,3,3,4,yes,17,0,5,0,yes,yes,Medium
319,4,2,4,yes,18,0,3,2,no,yes,Medium
320,4,2,3,yes,17,0,2,23,no,yes,Medium
321,2,2,2,yes,17,0,1,12,no,no,Medium
322,2,3,2,yes,17,0,2,3,yes,yes,Medium
323,3,3,1,yes,17,0,3,1,no,yes,Medium
324,0,3,2,yes,17,0,3,0,no,yes,High
325,4,3,4,yes,18,0,2,3,yes,yes,Medium
326,3,1,3,yes,17,0,5,3,yes,yes,High
327,2,1,2,yes,17,0,5,8,no,yes,Medium
328,4,3,4,yes,17,0,3,7,yes,yes,Medium
329,4,3,4,yes,17,0,2,4,no,yes,Medium
330,2,4,2,yes,18,0,4,2,yes,yes,Low
331,2,3,4,yes,17,0,1,7,no,yes,Medium
332,3,2,3,yes,18,0,1,0,yes,yes,Low
333,2,2,2,yes,18,0,1,0,yes,yes,Low
334,2,4,2,yes,18,0,1,0,yes,no,Low
335,3,3,4,yes,17,0,3,16,no,yes,High
336,3,3,1,yes,19,1,2,12,no,no,Medium
337,3,2,2,yes,17,0,3,0,no,yes,Low
338,3,4,3,yes,18,0,1,7,no,yes,High
339,3,2,2,yes,17,0,3,4,no,yes,Medium
340,2,3,1,yes,19,1,3,4,yes,yes,Medium
341,4,2,4,yes,18,1,2,0,yes,yes,Low
342,3,2,4,yes,18,0,3,11,yes,yes,High
343,2,2,2,yes,17,1,2,0,no,yes,Low
344,2,3,3,yes,18,0,2,4,no,yes,Medium
345,3,3,2,yes,18,0,3,7,no,yes,Medium
346,4,3,3,yes,18,0,2,9,no,yes,High
347,4,3,3,yes,18,0,3,0,no,yes,Medium
348,4,3,3,yes,17,0,3,0,yes,yes,High
349,3,1,2,yes,18,1,5,10,no,yes,Medium
350,1,2,1,yes,19,3,3,8,no,yes,Low
351,3,2,3,yes,17,0,3,2,no,yes,Medium
352,1,1,3,no,18,1,3,7,no,yes,Low
353,1,1,1,yes,19,1,3,4,no,yes,Low
354,4,2,3,yes,17,0,3,4,yes,yes,Medium
355,3,2,3,yes,18,0,1,0,no,no,Medium
356,4,2,4,yes,17,0,2,4,yes,yes,Medium
357,3,2,2,yes,17,0,2,2,no,no,Medium
358,1,1,1,yes,18,0,2,4,no,yes,Medium
359,1,3,1,yes,18,0,1,0,no,yes,High
360,1,2,4,yes,18,0,4,0,no,no,Medium
361,1,2,1,no,18,1,3,2,yes,no,Medium
362,3,2,3,yes,18,0,3,0,no,yes,Medium
363,4,2,4,yes,17,0,1,0,yes,yes,High
364,1,2,2,yes,17,0,2,0,no,no,Medium
365,1,2,3,yes,18,0,4,4,no,no,Medium
366,4,3,4,yes,18,0,2,0,no,yes,Medium
367,1,1,1,yes,17,1,2,0,no,yes,Low
368,2,1,3,yes,18,0,2,0,no,yes,Medium
369,4,2,4,yes,18,0,2,10,no,yes,Medium
370,3,2,2,yes,19,2,1,4,yes,no,Low
371,1,1,2,no,18,0,3,3,yes,yes,Medium
372,2,3,2,yes,17,0,1,8,yes,no,Medium
373,1,1,2,yes,17,0,3,14,yes,yes,Low
374,4,3,4,yes,18,0,1,0,no,yes,High
375,1,3,1,yes,18,0,2,2,no,yes,Low
376,4,3,2,yes,20,2,1,4,no,yes,High
377,4,2,4,yes,18,0,4,4,yes,yes,Low
378,3,2,3,yes,18,0,2,0,no,yes,High
379,3,2,1,yes,17,0,3,17,yes,yes,Medium
380,4,2,4,yes,18,0,4,4,yes,yes,High
381,2,1,1,yes,18,0,3,5,yes,yes,Low
382,2,2,3,yes,17,0,1,2,yes,yes,Medium
383,1,1,1,yes,19,1,3,0,no,no,Low
384,4,1,2,yes,18,1,3,14,no,no,Low
385,2,3,2,yes,18,0,3,2,no,no,Medium
386,4,1,4,yes,18,0,2,7,yes,yes,Low
387,2,3,3,yes,19,1,2,0,yes,yes,Low
388,3,2,1,yes,18,0,1,0,no,yes,Low
389,1,2,1,yes,18,1,1,0,yes,no,Low
390,2,2,2,yes,20,2,5,11,no,no,Low
391,3,1,1,yes,17,0,4,3,no,yes,High
392,1,1,1,yes,21,3,3,3,no,no,Low
393,3,1,2,yes,18,0,4,0,no,yes,Medium
394,1,1,1,yes,19,0,3,5,no,yes,Low
0,4,2,4,yes,18,0,1,4,no,no,Low
1,1,2,1,yes,17,0,1,2,no,yes,Medium
2,1,2,1,yes,15,0,3,6,no,yes,Medium
3,4,3,2,yes,15,0,1,0,yes,yes,Medium
4,3,2,3,yes,16,0,2,0,no,no,Medium
5,4,2,3,yes,16,0,2,6,yes,yes,Medium
6,2,2,2,yes,16,0,1,0,no,yes,Medium
7,4,2,4,yes,17,0,1,2,no,no,Medium
8,3,2,2,yes,15,0,1,0,no,yes,High
9,3,2,4,yes,15,0,1,0,yes,yes,Medium
10,4,2,4,yes,15,0,2,2,no,yes,Medium
11,2,3,1,yes,15,0,1,0,yes,yes,Medium
12,4,1,4,yes,15,0,3,0,yes,yes,Medium
13,4,2,3,yes,15,0,2,0,no,yes,Medium
14,2,3,2,yes,15,0,1,0,no,yes,High
15,4,1,4,yes,16,0,2,6,no,yes,High
16,4,3,4,yes,16,0,2,10,yes,yes,Medium
17,3,2,3,yes,16,0,1,2,yes,no,Medium
18,3,1,2,yes,17,3,4,2,yes,yes,Low
19,4,1,3,yes,16,0,3,6,yes,yes,Medium
20,4,2,3,yes,15,0,1,0,no,yes,Medium
21,4,1,4,yes,15,0,1,0,no,yes,Medium
22,4,2,2,yes,16,0,3,0,yes,yes,Medium
23,2,2,2,yes,16,0,4,2,yes,yes,Medium
24,2,3,4,yes,15,0,1,2,yes,yes,Medium
25,2,1,2,yes,16,0,3,6,no,yes,Medium
26,2,1,2,yes,15,0,2,8,no,yes,Medium
27,4,1,2,yes,15,0,4,0,no,yes,Medium
28,3,2,4,yes,16,0,1,2,yes,yes,Medium
29,4,2,4,yes,16,0,5,4,yes,yes,Medium
30,4,2,4,yes,15,0,4,0,no,yes,Medium
31,4,2,4,yes,15,0,1,2,yes,yes,High
32,4,2,3,yes,15,0,1,0,yes,yes,Medium
33,3,2,3,yes,15,0,1,0,yes,yes,Medium
34,3,1,2,yes,16,0,1,4,no,yes,Medium
35,2,1,3,yes,15,0,1,4,yes,no,Medium
36,4,3,3,yes,15,0,1,0,yes,yes,Medium
37,4,3,4,yes,16,0,1,4,yes,yes,Medium
38,3,3,4,yes,15,0,1,2,yes,yes,Medium
39,2,1,2,yes,15,0,1,8,yes,no,Medium
40,2,2,2,yes,16,0,2,16,yes,yes,Medium
41,4,1,4,yes,15,0,4,8,no,yes,Medium
42,4,2,4,yes,15,0,1,0,yes,yes,High
43,2,1,2,yes,15,0,1,0,no,yes,Medium
44,2,2,2,yes,16,1,2,14,yes,yes,Medium
45,4,2,3,yes,15,0,1,4,yes,yes,Medium
46,3,2,3,yes,16,0,4,6,no,yes,Medium
47,4,4,3,yes,16,0,1,2,yes,yes,High
48,4,2,2,yes,15,0,2,4,no,no,Medium
49,4,2,4,yes,15,0,1,2,yes,yes,Medium
50,2,2,2,yes,16,0,3,0,no,yes,Medium
51,4,2,2,yes,15,0,1,0,no,yes,High
52,4,1,2,yes,15,0,4,4,no,no,Medium
53,4,1,4,yes,15,0,3,0,no,yes,Medium
54,3,1,3,yes,15,0,4,0,no,yes,Medium
55,2,2,1,yes,16,0,1,2,yes,yes,Medium
56,4,2,3,yes,15,0,1,0,yes,yes,High
57,4,2,4,yes,15,0,1,8,yes,no,High
58,1,2,2,yes,15,0,1,0,yes,yes,Medium
59,4,2,2,yes,16,0,1,2,no,yes,High
60,4,2,4,yes,16,0,3,0,yes,no,High
61,1,1,1,yes,16,0,5,0,yes,yes,Medium
62,1,2,2,yes,16,0,1,0,yes,yes,Medium
63,4,3,3,yes,16,0,4,0,yes,yes,Medium
64,4,2,3,yes,15,0,4,0,yes,yes,Medium
65,4,2,3,yes,16,0,2,2,yes,yes,High
66,4,4,4,yes,15,0,5,0,yes,yes,Medium
67,3,4,1,yes,16,0,2,0,no,yes,Medium
68,2,2,2,yes,15,0,3,0,no,yes,Medium
69,3,4,1,yes,15,0,3,6,no,yes,High
70,3,4,1,yes,16,0,1,2,no,yes,Medium
71,4,4,2,yes,15,0,1,0,no,yes,Medium
72,1,2,1,yes,15,0,4,2,no,yes,Medium
73,3,1,1,yes,16,0,2,0,yes,no,Medium
74,3,2,3,yes,16,0,4,4,yes,yes,Medium
75,4,2,3,yes,15,0,3,0,yes,yes,Medium
76,4,4,0,yes,15,0,1,0,yes,yes,Medium
77,2,4,2,yes,16,0,3,1,no,yes,Medium
78,2,1,1,no,17,3,1,0,yes,yes,Medium
79,3,2,4,yes,16,0,2,14,no,yes,Medium
80,2,1,3,yes,15,0,3,0,yes,yes,Medium
81,2,3,3,yes,15,0,2,2,no,yes,Medium
82,3,2,2,yes,15,0,1,4,no,yes,Medium
83,2,2,2,yes,15,0,3,2,yes,yes,Medium
84,1,2,1,yes,15,0,3,2,yes,yes,Medium
85,4,2,4,yes,15,0,3,4,no,yes,Medium
86,2,2,2,yes,16,0,2,6,no,no,Medium
87,4,3,2,yes,15,0,3,4,yes,yes,High
88,2,2,2,yes,16,0,1,6,yes,yes,Medium
89,4,2,4,yes,16,0,5,6,no,no,Medium
90,3,3,3,yes,16,0,3,2,no,yes,Medium
91,4,1,3,yes,15,0,3,6,yes,yes,Medium
92,3,2,1,yes,16,0,3,0,no,no,Medium
93,4,2,2,yes,16,0,1,2,yes,yes,Medium
94,2,4,2,yes,15,0,1,2,yes,yes,Medium
95,1,4,1,yes,15,0,1,4,yes,yes,Medium
96,4,1,3,yes,16,0,1,6,yes,yes,Medium
97,2,2,1,yes,16,0,1,0,no,no,Medium
98,4,1,4,yes,16,0,2,4,yes,yes,Medium
99,4,3,3,yes,16,0,1,2,no,yes,Medium
100,4,1,4,yes,16,0,5,12,yes,yes,Low
101,4,3,4,yes,16,0,1,0,yes,yes,High
102,4,1,4,yes,15,0,1,2,yes,yes,Medium
103,3,2,2,yes,15,0,1,16,no,yes,Medium
104,3,2,4,yes,15,0,1,0,yes,yes,High
105,3,4,3,yes,15,0,1,10,no,no,Medium
106,2,4,2,yes,15,0,1,4,no,yes,Medium
107,3,3,3,yes,16,0,1,4,yes,yes,Medium
108,4,4,4,yes,15,0,5,8,yes,yes,Medium
109,4,3,4,yes,16,0,1,2,yes,yes,High
110,4,1,4,yes,15,0,1,4,yes,yes,Medium
111,3,3,3,yes,16,0,1,4,yes,yes,Medium
112,2,2,2,yes,16,1,1,12,yes,yes,Medium
113,4,1,2,yes,15,0,1,10,no,yes,High
114,2,2,1,yes,15,0,1,4,yes,yes,Medium
115,4,2,4,yes,16,0,2,6,yes,yes,High
116,4,2,4,yes,15,0,1,4,yes,no,High
117,3,1,3,yes,16,0,1,6,yes,yes,High
118,1,2,3,yes,17,1,4,14,yes,yes,Medium
119,3,1,4,yes,15,0,2,2,no,yes,Medium
120,1,2,2,yes,15,0,2,0,no,yes,Medium
121,2,4,2,yes,15,0,2,6,yes,yes,Medium
122,2,2,4,yes,16,0,2,2,yes,yes,Medium
123,4,1,4,yes,16,0,4,4,yes,yes,Medium
124,2,2,2,yes,16,0,1,0,no,yes,Medium
125,3,1,4,yes,15,0,2,2,no,yes,Low
126,3,2,4,yes,15,0,1,0,yes,yes,Medium
127,0,2,1,no,19,2,1,0,no,no,Medium
128,4,1,4,yes,16,0,5,8,yes,yes,High
129,2,3,3,yes,16,0,2,4,no,yes,Medium
130,3,3,4,yes,15,0,2,0,no,yes,Medium
131,2,2,1,no,18,3,3,10,yes,yes,Low
132,2,1,1,yes,17,0,2,8,no,yes,Medium
133,1,1,1,yes,15,0,2,6,yes,yes,Medium
134,2,1,2,yes,17,0,3,2,no,yes,Medium
135,3,1,4,yes,16,0,4,12,no,yes,Medium
136,2,1,1,yes,16,0,1,4,no,no,Medium
137,2,1,2,yes,16,1,1,12,no,no,Medium
138,3,2,4,yes,15,0,1,2,no,no,Medium
139,4,3,4,yes,15,0,1,4,yes,yes,Medium
140,3,2,4,yes,17,0,4,2,no,no,Medium
141,1,2,1,yes,16,0,1,0,no,no,Medium
142,3,1,1,yes,18,0,5,2,yes,yes,Medium
143,3,3,2,yes,18,0,1,10,yes,yes,Medium
144,1,1,1,yes,16,0,2,8,yes,no,Medium
145,3,1,3,yes,16,0,1,4,yes,yes,Medium
146,1,2,1,yes,16,2,3,0,no,no,Medium
147,4,1,4,yes,15,0,1,6,yes,yes,Medium
148,1,1,1,yes,15,1,1,2,yes,yes,Low
149,4,4,3,yes,15,0,1,6,no,yes,Medium
150,3,2,3,yes,15,0,3,24,no,no,Low
151,4,3,4,yes,16,0,3,0,yes,yes,Medium
152,2,1,2,yes,16,0,2,4,yes,yes,Medium
153,4,3,4,yes,15,0,1,2,yes,yes,Medium
154,1,1,1,yes,16,0,3,4,no,yes,Medium
155,2,1,1,yes,17,0,2,22,no,yes,Low
156,1,2,1,yes,15,0,2,0,no,yes,Medium
157,2,1,1,no,15,0,1,0,yes,yes,Medium
158,3,2,2,yes,15,1,1,2,no,yes,Medium
159,1,2,2,yes,15,0,1,6,no,yes,Medium
160,1,2,2,yes,15,0,4,6,no,no,Medium
161,4,1,4,no,16,0,1,16,no,yes,Low
162,2,1,1,yes,15,0,5,0,no,yes,Medium
163,1,1,1,no,18,2,5,0,no,yes,Low
164,2,1,1,yes,16,1,5,6,yes,no,Medium
165,3,3,3,yes,15,0,3,2,yes,yes,Medium
166,3,1,2,no,19,0,1,6,no,yes,Medium
167,4,1,4,yes,17,0,1,0,no,no,Medium
168,2,2,3,yes,15,0,1,0,yes,no,Low
169,1,1,2,yes,17,3,3,14,no,no,Low
170,1,1,1,yes,18,3,5,6,yes,no,Medium
171,2,1,2,yes,16,0,2,4,no,no,Medium
172,3,2,3,yes,16,1,4,0,no,yes,Low
173,1,1,2,yes,16,2,5,0,no,yes,Low
174,2,1,1,no,17,1,2,8,yes,yes,Low
175,3,2,2,yes,17,2,4,4,no,yes,Low
176,1,1,2,yes,15,0,4,2,yes,no,Low
177,1,1,3,no,16,1,4,2,no,yes,Low
178,1,2,1,no,17,0,5,0,yes,no,Low
179,3,1,2,no,17,3,1,10,yes,no,Low
180,2,2,2,no,16,0,4,0,no,yes,Medium
181,4,2,2,yes,16,0,1,0,no,yes,High
182,2,2,2,yes,16,0,1,0,no,yes,Medium
183,4,2,4,yes,16,0,1,0,no,yes,High
184,3,1,4,yes,16,1,4,4,yes,yes,Medium
185,1,2,0,yes,16,0,1,0,yes,yes,High
186,4,2,4,yes,17,0,3,0,yes,yes,Medium
187,1,2,3,yes,16,0,1,0,yes,yes,Medium
188,3,2,3,yes,16,0,1,0,yes,yes,High
189,4,2,3,yes,17,0,4,0,yes,yes,Medium
190,2,2,2,yes,16,0,4,0,yes,yes,Medium
191,3,2,3,yes,17,0,4,4,yes,yes,Medium
192,4,1,2,yes,16,0,4,8,yes,yes,Medium
193,4,2,3,yes,17,0,1,4,yes,yes,Medium
194,4,2,3,yes,16,0,3,4,yes,yes,Medium
195,3,2,3,yes,16,0,2,0,yes,yes,Medium
196,2,2,4,yes,17,0,3,0,yes,no,High
197,3,2,3,yes,17,0,3,32,yes,yes,Medium
198,3,2,2,yes,16,0,2,8,no,yes,High
199,3,2,3,yes,17,0,3,6,yes,yes,Medium
200,1,1,2,yes,16,0,2,0,yes,yes,Medium
201,2,2,1,yes,16,0,2,0,yes,yes,High
202,3,2,3,yes,17,0,3,10,no,yes,Medium
203,1,2,2,yes,17,0,5,6,no,no,Medium
204,2,2,3,yes,16,0,1,6,no,yes,Medium
205,1,2,1,yes,17,0,1,0,yes,yes,Medium
206,1,2,2,yes,17,0,5,16,yes,yes,Medium
207,3,1,3,yes,16,0,4,0,yes,yes,Medium
208,2,1,3,yes,16,0,1,0,no,yes,Medium
209,2,2,4,yes,17,0,1,8,yes,yes,High
210,4,1,4,yes,17,0,2,4,no,yes,Medium
211,3,1,3,yes,16,0,5,16,yes,yes,Medium
212,4,1,4,yes,17,1,3,30,no,yes,High
213,4,2,4,yes,16,0,2,0,no,yes,Medium
214,4,2,3,yes,16,0,5,2,yes,yes,High
215,2,2,3,yes,16,0,3,4,yes,no,Medium
216,1,2,1,yes,17,0,3,0,no,no,High
217,2,1,2,yes,17,0,2,21,no,yes,Medium
218,2,4,2,yes,16,0,1,6,yes,yes,Medium
219,3,3,4,yes,17,1,4,14,no,yes,Low
220,3,2,1,yes,16,0,2,2,no,yes,Medium
221,4,2,3,yes,16,0,1,4,yes,yes,High
222,1,1,1,yes,16,0,4,2,no,no,Medium
223,4,3,3,yes,17,0,1,0,yes,yes,Medium
224,3,4,3,yes,19,0,2,4,yes,yes,Medium
225,4,2,4,yes,17,0,5,15,no,yes,Medium
226,2,2,2,yes,16,0,1,0,no,yes,Medium
227,2,2,2,yes,18,0,4,10,yes,yes,Medium
228,4,1,4,yes,17,0,2,6,no,no,Medium
229,3,2,2,yes,17,0,3,2,no,yes,High
230,4,2,3,yes,17,0,4,16,no,yes,Medium
231,3,2,3,yes,18,0,4,10,no,yes,Medium
232,2,1,3,yes,17,0,4,4,no,no,Medium
233,2,3,2,yes,17,0,1,0,yes,yes,Medium
234,2,2,1,yes,17,0,2,0,yes,yes,Medium
235,1,3,1,yes,17,0,1,12,yes,no,Medium
236,2,2,3,yes,16,0,1,0,no,yes,Medium
237,2,2,2,yes,18,3,5,9,no,yes,Medium
238,4,3,4,yes,16,0,1,4,yes,yes,High
239,3,2,1,yes,18,0,1,4,yes,yes,Low
240,3,2,2,yes,17,0,3,2,yes,yes,High
241,2,2,3,yes,17,0,3,0,no,yes,Medium
242,2,2,1,yes,18,0,5,2,yes,yes,Medium
243,2,3,1,yes,17,0,2,0,yes,yes,High
244,4,2,3,yes,17,0,2,0,yes,yes,Medium
245,2,2,2,yes,17,0,1,0,yes,yes,Medium
246,4,2,4,yes,17,0,3,0,yes,yes,Medium
247,4,2,4,yes,16,0,4,0,yes,yes,Medium
248,1,2,1,yes,16,0,1,2,no,yes,Low
249,3,3,2,yes,16,0,3,0,yes,yes,Medium
250,2,2,2,yes,17,0,5,0,yes,yes,High
251,2,1,1,yes,16,0,1,4,no,yes,Medium
252,4,2,1,yes,16,0,2,0,yes,yes,Medium
253,2,2,4,yes,18,1,1,18,no,yes,Medium
254,2,2,2,yes,18,1,1,16,no,yes,Low
255,3,1,3,no,18,1,1,14,no,yes,Low
256,2,1,2,no,18,1,2,26,yes,yes,Low
257,4,1,4,yes,17,0,2,6,yes,yes,Low
258,3,2,2,yes,17,0,1,4,yes,no,High
259,1,3,1,yes,17,0,2,10,yes,yes,Medium
260,1,1,2,no,16,0,2,4,no,yes,Medium
261,2,2,1,yes,17,0,1,2,yes,no,Medium
262,1,1,4,yes,17,1,1,14,no,yes,Low
263,2,2,2,no,18,0,5,16,no,yes,Low
264,2,1,2,no,17,1,1,8,no,yes,Medium
265,1,3,1,yes,17,0,3,4,yes,yes,High
266,4,2,2,yes,17,0,1,4,yes,no,High
267,4,2,3,yes,17,0,4,8,yes,yes,High
268,4,2,4,yes,17,0,3,0,no,yes,Medium
269,4,1,3,yes,16,0,1,7,yes,yes,High
270,4,1,4,yes,16,0,2,4,yes,yes,High
271,4,2,4,yes,17,0,4,2,no,yes,Medium
272,1,3,1,yes,17,0,1,2,no,yes,Medium
273,3,3,3,yes,17,0,3,10,no,yes,Medium
274,1,2,1,yes,17,0,1,10,no,no,Medium
275,2,3,1,yes,18,0,1,10,no,yes,Medium
276,2,1,1,yes,16,0,1,7,no,yes,High
277,1,2,1,yes,17,0,2,4,no,no,Medium
278,2,1,3,yes,17,0,1,2,no,yes,Medium
279,3,1,1,no,22,3,5,12,no,yes,Low
280,3,2,3,yes,18,0,3,8,no,yes,Medium
281,0,1,2,yes,16,0,4,0,no,yes,Medium
282,3,1,2,no,18,0,4,8,no,yes,Low
283,3,2,3,yes,16,1,3,4,no,yes,Medium
284,2,1,1,no,18,2,5,4,no,yes,Low
285,2,1,1,yes,16,0,3,2,yes,no,Medium
286,2,1,1,yes,17,0,4,0,no,yes,Medium
287,1,1,1,yes,17,1,2,0,yes,yes,Medium
288,2,2,1,yes,18,0,3,2,no,yes,Medium
289,4,4,2,yes,17,0,1,2,yes,yes,High
290,2,2,2,yes,19,0,1,0,no,yes,Medium
291,2,2,1,no,18,1,4,4,yes,yes,Medium
292,4,3,2,yes,17,0,3,2,yes,yes,Medium
293,1,3,1,yes,18,0,3,4,no,no,Medium
294,2,2,2,yes,18,0,1,4,no,no,Medium
295,4,2,3,yes,19,0,1,4,no,yes,Medium
296,2,2,1,yes,18,0,2,2,yes,yes,High
297,2,1,2,no,17,0,1,0,no,no,Medium
298,2,4,2,yes,17,0,1,2,yes,yes,Medium
299,2,2,1,no,20,0,2,8,yes,yes,Medium
300,4,2,3,yes,18,0,3,2,no,yes,High
301,4,2,3,yes,18,0,1,2,no,yes,Medium
302,3,3,2,yes,18,0,1,2,yes,no,Medium
303,3,3,3,yes,17,0,1,2,yes,no,Medium
304,2,3,2,yes,18,0,1,0,yes,yes,Medium
305,2,1,2,no,17,0,3,8,no,yes,Low
306,3,2,4,yes,18,0,4,6,yes,yes,High
307,3,2,1,yes,17,0,4,0,yes,yes,Medium
308,4,2,4,yes,18,0,2,8,yes,yes,Medium
309,4,2,2,yes,18,0,3,4,yes,yes,Medium
310,2,2,1,no,18,0,2,12,no,yes,Low
311,3,2,3,yes,19,0,3,16,yes,yes,Medium
312,2,4,3,yes,18,0,3,10,yes,yes,High
313,1,2,1,yes,18,0,1,2,no,no,Medium
314,1,2,2,yes,17,0,2,2,yes,no,High
315,2,2,1,yes,18,0,2,8,no,yes,High
316,2,2,4,yes,17,0,1,6,no,yes,High
317,2,2,2,yes,17,0,3,6,no,yes,Medium
318,3,2,2,no,18,0,1,15,no,yes,Medium
319,4,1,4,yes,18,0,4,6,yes,yes,Medium
320,4,2,4,yes,18,1,1,2,yes,yes,Medium
321,2,3,2,yes,17,0,1,8,no,yes,High
322,3,2,2,no,19,1,3,0,no,yes,Low
323,4,1,3,yes,18,0,2,0,yes,yes,Medium
324,1,1,2,no,18,0,4,10,no,yes,Medium
325,4,1,1,yes,17,0,4,22,yes,yes,Medium
326,3,1,2,yes,17,0,4,18,no,yes,Medium
327,1,4,1,yes,18,0,1,2,yes,no,High
328,1,2,1,yes,18,0,1,0,yes,yes,Medium
329,2,2,2,yes,17,0,2,12,no,yes,Medium
330,2,2,1,yes,18,0,1,10,yes,yes,Medium
331,1,2,1,yes,17,0,2,0,no,yes,Medium
332,2,3,2,yes,18,0,2,0,no,yes,High
333,1,3,1,yes,17,0,1,0,no,yes,Medium
334,2,3,1,yes,18,0,3,0,yes,yes,High
335,4,2,4,yes,18,0,1,0,yes,yes,High
336,4,2,2,yes,18,0,4,2,yes,yes,High
337,4,3,3,yes,17,0,2,0,no,yes,High
338,3,4,1,yes,17,0,1,0,no,no,High
339,3,3,2,yes,18,0,1,0,yes,yes,High
340,3,1,3,yes,17,0,3,0,no,yes,High
341,4,2,4,yes,19,0,3,2,yes,yes,Medium
342,4,2,3,yes,18,0,2,0,no,yes,Medium
343,4,4,3,yes,18,0,1,0,no,yes,High
344,4,1,4,yes,18,0,2,0,no,yes,High
345,4,2,4,yes,18,0,1,0,no,yes,High
346,4,1,4,yes,17,0,2,0,no,yes,Medium
347,4,3,4,yes,17,0,1,0,yes,yes,Low
348,4,3,2,yes,17,0,1,0,no,yes,High
349,3,4,2,yes,17,0,2,0,yes,yes,High
350,2,3,1,yes,19,1,1,0,yes,yes,Medium
351,3,1,2,yes,20,2,1,0,yes,no,High
352,3,2,3,yes,19,0,2,0,yes,no,Medium
353,1,2,4,yes,18,0,2,2,no,no,Medium
354,2,2,1,yes,18,0,2,2,yes,yes,Medium
355,2,2,3,yes,17,0,1,2,yes,yes,Medium
356,4,1,4,yes,17,0,1,2,yes,yes,High
357,4,3,3,yes,18,0,1,2,yes,yes,High
358,4,1,3,yes,18,0,4,8,no,yes,Medium
359,3,3,4,yes,17,0,5,2,yes,yes,High
360,3,2,3,yes,18,0,1,8,no,yes,Medium
361,4,2,2,yes,19,0,1,9,yes,yes,Medium
362,4,2,4,yes,18,0,3,0,no,yes,Medium
363,3,1,4,yes,18,0,1,4,yes,yes,Medium
364,4,1,4,yes,17,0,2,2,yes,yes,High
365,4,2,3,yes,17,0,2,14,no,yes,High
366,3,2,3,yes,17,0,1,0,no,yes,Medium
367,2,2,1,yes,17,0,2,2,yes,yes,Medium
368,4,1,4,yes,18,0,4,2,no,yes,Medium
369,1,3,1,no,19,0,3,12,yes,no,Medium
370,1,2,1,yes,19,2,1,2,no,yes,Low
371,2,1,2,yes,18,0,4,2,yes,yes,Medium
372,2,2,2,yes,17,0,1,4,no,no,Medium
373,2,3,2,yes,17,0,2,0,yes,yes,Medium
374,3,3,1,yes,17,0,3,0,no,yes,High
375,0,3,2,yes,17,0,3,0,no,yes,High
376,1,3,1,yes,18,0,2,0,yes,yes,Medium
377,4,3,4,yes,18,0,2,0,yes,yes,Medium
378,3,1,3,yes,17,0,5,0,yes,yes,High
379,2,1,2,yes,17,0,5,2,no,yes,Medium
380,4,3,4,yes,17,0,3,0,yes,yes,Medium
381,4,3,4,yes,17,0,2,4,no,yes,High
382,3,1,3,yes,17,0,5,2,yes,yes,Medium
383,2,4,2,yes,18,0,4,0,yes,yes,Medium
384,3,1,2,yes,19,0,2,0,no,no,Medium
385,2,2,2,yes,18,0,1,2,yes,no,Medium
386,2,3,4,yes,17,0,1,0,no,yes,High
387,2,1,2,yes,18,0,2,6,no,yes,High
388,3,2,3,yes,18,0,1,8,yes,yes,Medium
389,2,2,2,yes,18,0,1,0,yes,yes,Medium
390,2,4,2,yes,18,0,1,6,yes,no,Medium
391,3,3,4,yes,17,0,3,8,no,yes,Medium
392,3,2,2,yes,17,0,3,0,no,yes,Medium
393,3,4,3,yes,18,0,1,4,no,yes,High
394,3,2,2,yes,17,0,3,0,no,yes,High
395,4,2,4,yes,18,0,2,0,yes,yes,Medium
396,3,2,4,yes,18,0,3,6,yes,yes,High
397,2,2,2,yes,17,0,2,18,no,yes,Medium
398,2,3,3,yes,18,0,2,0,no,yes,Medium
399,3,3,2,yes,18,0,3,4,no,yes,High
400,4,3,3,yes,18,0,2,4,no,yes,High
401,4,3,3,yes,18,0,3,0,no,yes,Medium
402,4,3,3,yes,17,0,3,0,yes,yes,Medium
403,2,2,1,yes,17,0,2,10,yes,yes,Medium
404,2,2,1,yes,17,0,4,4,yes,yes,High
405,2,1,3,no,19,1,4,16,no,yes,Medium
406,3,1,1,yes,17,1,1,6,no,yes,Medium
407,4,3,4,yes,21,2,1,0,yes,yes,Medium
408,2,2,2,no,18,0,3,11,yes,yes,Medium
409,3,2,4,yes,18,0,4,9,yes,yes,Medium
410,2,2,2,yes,17,0,3,0,yes,yes,High
411,4,3,4,yes,17,0,2,2,no,yes,Medium
412,4,2,2,yes,18,0,1,0,yes,yes,High
413,1,2,1,no,21,2,2,21,yes,yes,Medium
414,1,3,1,yes,20,0,3,8,no,yes,Medium
415,4,1,4,yes,19,1,4,5,no,yes,Medium
416,3,2,2,yes,17,0,2,10,no,yes,High
417,3,3,2,yes,18,0,2,5,no,yes,High
418,2,1,3,yes,18,0,5,13,no,yes,Medium
419,2,1,1,yes,19,0,4,10,no,yes,Medium
420,2,2,2,yes,18,0,3,10,no,yes,High
421,1,1,0,yes,20,1,1,5,no,yes,Medium
422,3,2,2,yes,18,0,2,4,yes,yes,Medium
423,1,1,3,no,16,0,3,11,no,yes,Medium
424,2,2,2,yes,16,0,1,0,yes,yes,Medium
425,1,1,1,yes,15,1,1,6,no,no,Medium
426,3,1,3,yes,15,0,3,4,no,yes,Medium
427,2,2,3,yes,16,0,2,0,no,no,High
428,2,1,1,no,15,0,1,0,no,no,Low
429,4,2,4,yes,16,0,3,5,no,no,Medium
430,1,3,2,yes,16,0,1,0,no,yes,Medium
431,3,2,2,yes,17,1,2,0,no,no,Medium
432,1,1,1,no,17,1,2,0,no,yes,Low
433,4,1,4,yes,15,0,5,0,no,yes,Medium
434,2,4,2,no,16,0,1,4,yes,no,Medium
435,1,2,1,yes,15,0,2,0,no,yes,Medium
436,1,1,1,yes,15,1,2,4,no,yes,Low
437,0,1,2,yes,16,0,2,0,yes,no,Medium
438,2,1,3,yes,17,0,3,2,no,yes,Medium
439,3,1,3,yes,15,0,1,0,no,yes,High
440,1,2,1,yes,16,0,5,0,yes,no,Low
441,1,2,1,yes,17,0,4,4,no,yes,Low
442,4,2,1,yes,15,0,2,0,yes,yes,Medium
443,4,2,1,yes,15,0,2,7,yes,yes,Low
444,3,2,4,yes,16,0,2,4,no,no,Medium
445,1,2,1,yes,15,0,4,8,yes,no,Low
446,3,2,3,yes,15,0,1,0,yes,yes,Medium
447,2,1,1,no,17,0,5,8,yes,no,Low
448,4,3,4,yes,16,0,1,6,yes,yes,High
449,1,1,2,yes,15,0,1,3,no,no,Medium
450,2,2,3,yes,16,0,2,2,no,yes,High
451,1,2,2,yes,16,0,1,0,no,no,Medium
452,2,2,2,yes,16,0,1,4,no,yes,Medium
453,1,3,2,yes,16,1,2,0,no,no,Low
454,1,3,2,yes,16,1,2,3,no,no,Low
455,2,2,1,yes,15,0,3,0,no,yes,Medium
456,1,2,1,yes,16,0,1,0,no,no,Medium
457,1,1,2,yes,17,0,5,4,yes,yes,Medium
458,1,4,1,yes,16,0,1,0,no,yes,Medium
459,1,3,1,yes,16,0,1,2,no,no,Medium
460,1,2,1,yes,15,0,1,1,yes,yes,Medium
461,1,1,1,yes,16,0,3,0,yes,yes,Medium
462,1,2,1,yes,15,0,2,0,no,no,Medium
463,2,3,2,yes,15,0,2,2,no,no,Medium
464,1,1,1,yes,16,0,4,6,yes,no,Medium
465,1,2,2,yes,18,1,3,9,yes,yes,Low
466,3,1,1,yes,15,0,3,0,no,no,Medium
467,2,2,2,yes,16,0,1,1,yes,yes,Medium
468,2,1,2,yes,15,0,2,1,no,no,Medium
469,4,2,4,yes,16,0,1,0,yes,no,Medium
470,3,2,3,yes,15,0,1,4,no,yes,Medium
471,2,2,2,yes,16,1,3,2,yes,no,Medium
472,2,1,2,yes,16,0,1,0,yes,no,High
473,2,1,1,yes,16,0,3,4,yes,yes,Medium
474,1,1,3,yes,15,0,5,2,yes,yes,Medium
475,2,3,2,yes,15,0,1,0,yes,no,Medium
476,2,1,1,yes,16,0,1,2,no,yes,Low
477,3,1,3,yes,15,0,4,11,yes,yes,Medium
478,1,2,1,yes,16,3,1,0,no,no,Low
479,2,1,2,no,17,0,1,4,yes,no,Medium
480,2,1,3,no,19,1,1,0,no,yes,Medium
481,2,1,1,no,17,0,1,2,yes,no,Medium
482,1,1,1,no,15,0,3,0,no,no,Medium
483,2,2,2,no,16,0,2,1,no,yes,Medium
484,2,1,2,no,16,0,2,6,no,no,Low
485,2,2,2,yes,17,0,2,0,no,yes,Medium
486,2,1,2,yes,16,1,4,1,yes,yes,Medium
487,3,3,2,no,18,2,1,6,no,no,Low
488,1,3,1,no,19,1,1,6,yes,no,Low
489,1,1,1,no,18,1,4,0,yes,yes,Low
490,1,1,1,no,18,1,1,4,no,yes,Medium
491,1,2,1,yes,19,1,1,12,no,yes,Low
492,2,2,2,yes,16,0,1,2,no,no,Medium
493,0,1,1,yes,17,0,5,5,yes,no,Medium
494,1,2,2,no,16,0,3,0,yes,yes,Low
495,3,1,3,no,16,0,1,0,yes,yes,Medium
496,1,1,1,yes,16,0,2,2,yes,yes,Medium
497,3,4,3,yes,17,1,4,0,yes,no,Medium
498,2,2,1,yes,16,0,1,0,yes,yes,Medium
499,2,1,2,yes,16,0,2,0,yes,no,High
500,1,1,2,no,17,1,5,12,yes,yes,Low
501,4,1,3,yes,16,0,5,8,yes,yes,Medium
502,2,4,2,yes,17,1,5,2,no,no,Low
503,1,4,1,yes,16,0,1,0,yes,yes,Medium
504,2,3,2,yes,19,0,1,0,no,yes,Medium
505,1,1,1,yes,17,0,2,0,yes,yes,Medium
506,3,2,3,yes,20,1,4,8,yes,yes,Medium
507,1,3,1,yes,17,0,1,0,no,no,Medium
508,2,1,2,yes,17,1,2,0,no,yes,Medium
509,1,2,1,yes,16,0,1,0,no,no,High
510,2,2,2,yes,17,0,1,0,yes,no,High
511,1,2,0,yes,17,0,1,1,no,yes,Medium
512,1,2,1,yes,18,1,1,9,no,yes,Low
513,3,1,1,yes,16,0,3,0,yes,yes,Low
514,3,1,2,yes,16,0,4,2,no,yes,Low
515,1,2,1,yes,18,0,4,8,no,no,Low
516,4,2,4,yes,16,0,3,0,yes,yes,High
517,1,1,2,yes,16,0,4,0,yes,yes,High
518,2,2,4,yes,18,1,3,8,no,yes,Low
519,2,2,1,yes,16,0,1,0,yes,yes,Low
520,1,2,1,yes,16,0,3,6,no,yes,Low
521,2,2,3,yes,16,0,1,0,yes,yes,Medium
522,4,2,4,yes,16,0,2,4,no,yes,Low
523,4,4,4,no,18,0,5,2,yes,yes,Low
524,3,2,4,yes,16,0,1,2,no,no,Low
525,4,3,4,yes,17,0,2,0,no,yes,High
526,4,1,1,yes,17,0,2,1,no,yes,Medium
527,2,3,2,yes,16,0,2,0,no,no,Medium
528,2,1,2,yes,17,0,2,5,no,yes,Low
529,4,1,4,yes,16,0,2,1,no,no,Medium
530,3,1,3,yes,17,0,5,8,yes,yes,Low
531,1,2,1,yes,17,0,3,0,no,yes,Medium
532,2,2,1,yes,16,0,4,2,no,yes,Low
533,2,2,1,yes,16,0,1,0,no,yes,High
534,4,1,4,yes,16,0,5,0,no,yes,Medium
535,1,2,2,yes,15,0,3,11,yes,no,Medium
536,2,4,2,yes,15,0,3,8,yes,no,Medium
537,2,1,1,yes,15,0,2,11,yes,yes,Medium
538,2,3,2,yes,16,0,2,2,no,no,Medium
539,4,2,1,yes,16,0,2,8,yes,yes,Medium
540,3,1,2,yes,17,0,2,5,no,no,Medium
541,2,2,2,yes,17,0,1,0,no,no,Medium
542,4,3,4,yes,16,0,4,1,no,yes,Medium
543,4,1,4,yes,17,3,3,2,yes,yes,Low
544,1,1,3,yes,17,0,3,2,yes,no,Medium
545,3,2,4,yes,17,1,4,8,yes,yes,Low
546,4,2,4,yes,17,0,1,0,no,yes,High
547,4,1,1,yes,16,0,1,0,no,yes,Medium
548,1,2,1,yes,17,0,2,2,yes,yes,Medium
549,4,2,2,yes,17,0,3,0,no,yes,High
550,2,2,2,yes,16,0,2,0,no,yes,Medium
551,3,2,2,yes,17,0,2,0,no,yes,Medium
552,1,2,1,no,19,2,4,2,yes,yes,Medium
553,1,1,0,yes,17,0,1,4,no,no,Medium
554,1,1,1,no,17,0,2,3,yes,yes,Medium
555,1,3,2,yes,16,0,1,5,no,yes,Medium
556,1,1,2,yes,16,0,4,4,no,no,Medium
557,3,2,1,yes,17,3,1,2,yes,yes,Low
558,2,1,2,no,17,0,5,0,yes,no,Medium
559,1,1,0,yes,18,1,1,0,no,no,Medium
560,1,1,1,yes,17,0,3,0,yes,yes,Medium
561,1,2,1,yes,18,0,4,6,yes,no,Medium
562,2,2,2,yes,16,0,1,0,yes,no,Medium
563,2,1,2,yes,17,1,3,0,yes,no,Low
564,3,1,2,yes,16,0,3,2,no,yes,Medium
565,1,1,1,yes,16,0,4,0,yes,yes,Medium
566,1,1,1,no,18,1,3,2,no,yes,Low
567,3,1,2,no,18,1,2,0,no,yes,Low
568,3,1,2,yes,19,3,1,4,yes,no,Low
569,3,2,3,no,18,2,3,9,yes,yes,Low
570,2,1,2,yes,16,0,4,6,yes,yes,Low
571,2,1,1,no,19,3,3,4,yes,yes,Low
572,3,2,2,yes,16,2,1,8,yes,no,Low
573,1,1,1,yes,17,0,2,9,yes,no,Low
574,1,1,1,no,20,1,4,12,no,yes,Medium
575,4,1,3,yes,18,0,4,8,no,yes,Medium
576,3,1,2,yes,18,0,5,8,no,yes,Medium
577,1,2,1,yes,19,1,3,8,no,yes,Medium
578,3,2,3,yes,17,1,3,4,no,yes,Low
579,1,1,3,no,18,0,3,0,no,yes,Medium
580,1,1,1,yes,19,1,3,4,no,yes,Low
581,1,2,2,yes,18,2,1,2,no,no,Low
582,1,1,1,no,19,0,1,0,no,no,Low
583,2,1,2,no,18,1,1,0,no,yes,Low
584,0,1,0,yes,17,0,1,0,no,yes,Medium
585,3,3,1,no,17,0,2,5,no,no,Low
586,4,2,2,yes,17,0,3,0,yes,yes,Low
587,2,2,2,yes,18,1,2,3,yes,yes,Low
588,4,1,1,yes,17,0,1,0,no,no,Low
589,1,1,2,yes,17,0,1,0,no,yes,Low
590,1,2,1,yes,18,2,2,3,yes,no,Low
591,2,2,2,yes,18,0,1,2,yes,yes,Medium
592,3,1,3,yes,17,0,1,0,no,yes,Medium
593,1,2,2,yes,18,0,2,0,no,yes,Medium
594,4,2,4,yes,18,0,2,0,yes,yes,High
595,4,1,4,yes,18,0,1,3,yes,yes,High
596,4,2,2,yes,17,0,2,0,no,yes,High
597,2,2,2,yes,18,1,1,0,yes,no,Low
598,1,1,2,yes,18,0,5,8,no,no,Medium
599,4,1,4,yes,18,0,1,5,yes,yes,Medium
600,1,1,1,no,17,0,4,4,no,no,Medium
601,2,2,2,yes,18,0,1,4,no,yes,Low
602,2,3,2,yes,18,0,4,0,no,yes,Medium
603,4,2,2,yes,18,0,1,0,yes,yes,Low
604,1,2,1,no,18,1,2,2,no,no,Medium
605,1,1,1,no,19,1,3,0,no,no,Low
606,4,4,2,yes,17,0,1,0,no,yes,High
607,2,2,1,yes,17,0,2,5,yes,yes,Medium
608,1,2,1,yes,18,0,2,2,no,no,Medium
609,1,2,2,no,18,0,1,0,no,no,Medium
610,1,2,1,no,19,3,4,0,yes,no,Low
611,2,3,2,yes,18,0,1,5,no,yes,High
612,4,2,3,yes,17,1,3,4,yes,yes,Medium
613,3,2,3,yes,18,0,1,0,no,no,Medium
614,4,2,4,yes,17,0,2,2,yes,yes,Medium
615,3,2,2,yes,17,0,2,0,no,no,High
616,1,1,1,yes,18,0,2,2,no,yes,Medium
617,1,3,1,yes,18,0,1,0,no,yes,High
618,1,2,2,yes,18,0,4,0,no,no,High
619,3,2,3,yes,18,0,3,6,no,yes,Medium
620,4,2,4,yes,17,0,1,4,yes,yes,High
621,1,2,2,yes,17,0,2,0,no,no,Medium
622,1,2,3,yes,18,0,4,0,no,no,Low
623,4,3,4,yes,18,0,2,0,no,yes,High
624,1,1,1,yes,17,1,2,0,no,yes,Low
625,2,1,3,yes,18,0,2,0,no,yes,Medium
626,4,2,4,yes,18,0,2,0,no,yes,Low
627,1,1,2,no,18,0,3,3,yes,yes,Medium
628,2,3,2,yes,17,0,1,8,yes,no,Medium
629,1,1,2,yes,17,0,3,4,yes,yes,Low
630,4,3,4,yes,18,0,1,0,no,yes,High
631,1,3,1,yes,18,0,2,4,no,yes,Medium
632,1,2,1,yes,19,1,1,4,no,yes,Low
633,4,2,4,yes,18,0,4,1,yes,yes,Medium
634,3,2,3,yes,18,0,2,1,no,yes,High
635,3,2,1,yes,17,0,3,10,yes,yes,Low
636,4,2,4,yes,18,0,4,4,yes,yes,High
637,2,1,1,yes,18,0,3,0,yes,yes,Low
638,2,2,3,yes,17,0,1,4,yes,yes,High
639,1,1,1,yes,19,1,3,0,no,no,Low
640,4,1,2,yes,18,1,3,0,no,no,Low
641,2,3,2,yes,18,0,3,0,no,no,High
642,4,2,3,yes,17,0,1,0,no,yes,Low
643,4,1,4,yes,18,0,2,4,yes,yes,Low
644,2,3,3,yes,19,1,2,4,yes,yes,Medium
645,3,2,1,yes,18,0,1,4,no,yes,High
646,1,2,1,yes,18,0,1,6,yes,no,Medium
647,3,1,1,yes,17,0,4,6,no,yes,Medium
648,3,1,2,yes,18,0,4,4,no,yes,Medium
