,Mother_Eductaion,Binned_Revision_Time,Father_Education,Wants_Higher_Education,Age,Past_Class_Failures,Week_Drugs_Consumption,Abscence,Extra_Activities,Internet_Access,r√©ussir
0,2,short_time,2,yes,16,0,4,2,yes,yes,Yes
1,2,short_time,2,yes,18,0,1,10,no,yes,Yes
2,2,short_time,3,yes,16,0,1,16,yes,yes,Yes
3,1,short_time,1,yes,18,0,4,0,no,no,No
4,2,short_time,4,yes,16,0,1,7,yes,yes,Yes
5,3,short_time,4,yes,16,0,1,2,yes,yes,Yes
6,3,short_time,3,no,19,1,2,6,no,yes,No
7,2,short_time,3,yes,18,0,1,0,no,yes,Yes
8,2,Medium_time,2,yes,15,0,1,0,no,yes,Yes
9,1,short_time,1,no,16,1,3,18,yes,yes,No
10,4,very_long_time,3,yes,16,0,3,6,yes,yes,Yes
11,2,Medium_time,2,yes,18,0,2,2,no,yes,Yes
12,2,short_time,0,yes,16,2,1,16,yes,yes,No
13,4,Medium_time,2,no,16,0,2,4,yes,yes,Yes
14,2,short_time,1,yes,17,0,4,0,yes,yes,Yes
15,4,short_time,3,yes,15,0,1,8,yes,yes,Yes
16,4,short_time,4,yes,16,0,1,6,yes,yes,Yes
17,2,long_time,3,yes,16,0,2,4,yes,yes,Yes
18,3,short_time,3,yes,17,0,4,6,yes,yes,Yes
19,2,short_time,1,yes,17,0,5,2,no,yes,No
20,1,short_time,1,no,19,1,5,5,yes,yes,No
21,2,Medium_time,3,yes,16,0,1,0,no,yes,Yes
22,4,Medium_time,2,yes,17,0,1,2,no,yes,Yes
23,3,short_time,2,yes,17,0,1,8,yes,yes,Yes
24,4,Medium_time,3,yes,15,0,4,2,yes,yes,Yes
25,2,long_time,2,no,19,1,5,5,yes,yes,No
26,2,long_time,2,yes,17,0,2,0,no,yes,Yes
27,4,short_time,2,yes,16,0,1,6,yes,yes,Yes
28,1,short_time,1,yes,17,2,2,0,no,no,No
29,1,Medium_time,2,yes,16,2,1,0,yes,yes,No
30,3,long_time,3,yes,16,0,1,0,no,yes,No
31,2,short_time,2,yes,18,0,1,0,no,yes,Yes
32,2,short_time,3,yes,16,0,2,2,no,yes,Yes
33,4,long_time,3,yes,15,0,1,6,yes,yes,Yes
34,2,short_time,1,no,17,0,1,3,no,yes,No
35,4,short_time,2,yes,16,0,1,0,yes,yes,Yes
36,4,Medium_time,1,yes,17,0,2,0,no,yes,Yes
37,1,short_time,1,no,18,2,5,0,yes,yes,No
38,1,short_time,2,yes,18,1,5,16,no,yes,No
39,3,Medium_time,4,yes,16,0,1,0,yes,yes,Yes
40,3,short_time,3,yes,18,0,1,0,no,yes,Yes
41,3,Medium_time,3,yes,15,0,1,4,yes,yes,Yes
42,1,short_time,1,yes,19,2,4,0,yes,yes,No
43,2,short_time,4,yes,16,0,3,2,yes,yes,Yes
44,2,long_time,3,yes,17,1,4,0,yes,yes,Yes
45,3,short_time,3,yes,16,0,1,0,no,yes,Yes
46,1,short_time,1,no,16,1,4,0,no,yes,No
47,4,short_time,2,yes,15,0,4,0,yes,yes,Yes
48,2,Medium_time,1,yes,17,0,4,8,no,yes,No
49,4,short_time,2,yes,16,0,1,2,yes,yes,Yes
50,4,Medium_time,3,yes,18,0,1,9,yes,yes,Yes
51,1,short_time,1,no,19,3,5,8,no,no,No
52,2,Medium_time,2,yes,15,0,1,6,yes,yes,Yes
53,1,short_time,1,no,19,3,1,2,yes,yes,No
54,3,short_time,4,yes,16,0,2,0,yes,yes,Yes
55,4,short_time,3,yes,16,0,1,0,yes,yes,Yes
56,3,Medium_time,1,no,18,1,4,6,no,yes,No
57,3,Medium_time,3,yes,16,0,1,8,yes,yes,Yes
58,3,Medium_time,3,yes,15,0,4,12,no,yes,No
59,2,very_long_time,4,yes,16,0,1,10,yes,yes,Yes
60,1,short_time,1,no,18,1,5,12,yes,no,No
61,3,short_time,2,yes,18,0,1,4,no,yes,Yes
62,1,short_time,1,no,19,2,4,5,yes,yes,No
63,2,long_time,2,yes,16,0,1,4,no,yes,Yes
64,4,long_time,4,yes,18,0,3,6,yes,yes,Yes
65,1,short_time,1,no,19,3,5,12,no,yes,No
66,1,short_time,2,no,16,2,4,16,yes,yes,No
67,4,short_time,2,yes,15,0,3,8,no,yes,No
68,2,Medium_time,3,yes,16,0,5,0,yes,yes,No
69,2,short_time,1,no,16,1,5,0,no,yes,No
70,1,short_time,1,no,18,1,1,6,yes,yes,No
71,4,long_time,0,yes,18,0,1,26,no,yes,Yes
72,3,short_time,3,yes,16,0,4,8,yes,yes,No
73,2,short_time,2,yes,18,0,1,14,yes,yes,No
74,4,Medium_time,4,yes,18,0,3,1,yes,yes,Yes
75,2,Medium_time,3,yes,16,0,1,8,yes,yes,Yes
76,4,long_time,3,yes,16,0,1,0,yes,yes,Yes
77,2,short_time,1,yes,16,1,4,8,yes,yes,No
78,4,Medium_time,2,no,20,0,1,75,no,yes,Yes
79,2,Medium_time,3,yes,15,0,1,4,yes,yes,Yes
80,3,long_time,3,yes,16,0,1,2,no,yes,Yes
81,4,long_time,3,yes,15,0,1,32,yes,yes,Yes
82,3,long_time,3,yes,16,0,4,0,yes,yes,Yes
83,2,short_time,1,yes,15,2,2,11,yes,yes,No
84,2,long_time,1,yes,18,2,4,1,no,yes,No
85,2,long_time,3,yes,16,2,3,0,yes,yes,Yes
86,3,short_time,2,yes,18,0,5,16,yes,yes,Yes
87,2,short_time,2,yes,16,0,1,0,yes,yes,Yes
88,1,Medium_time,1,yes,19,1,4,10,yes,yes,No
89,1,short_time,1,no,19,1,2,11,yes,no,No
90,3,Medium_time,2,yes,16,0,3,4,yes,yes,Yes
91,1,Medium_time,1,no,17,2,1,2,no,yes,No
92,3,short_time,2,yes,16,0,1,0,no,yes,Yes
93,2,Medium_time,2,no,16,0,2,3,yes,yes,No
94,2,short_time,2,yes,15,0,1,6,yes,yes,Yes
95,3,short_time,1,no,16,3,4,6,yes,no,No
96,2,Medium_time,4,yes,18,0,1,0,yes,yes,Yes
97,2,Medium_time,4,yes,17,0,1,14,no,yes,Yes
98,4,Medium_time,3,yes,18,0,1,32,yes,yes,Yes
99,1,Medium_time,1,no,18,1,4,0,yes,no,No
100,2,short_time,2,no,16,3,3,22,yes,yes,Yes
101,4,short_time,4,yes,17,0,4,0,no,yes,Yes
102,2,short_time,2,yes,15,0,4,2,yes,yes,Yes
103,2,short_time,2,yes,17,0,4,2,yes,yes,Yes
104,2,short_time,1,no,15,1,5,0,no,yes,No
105,2,short_time,4,yes,16,0,1,4,no,yes,Yes
106,4,short_time,2,yes,16,0,1,0,no,yes,Yes
107,4,short_time,3,yes,16,0,1,2,no,yes,Yes
108,4,long_time,2,yes,18,0,1,10,yes,yes,Yes
109,4,long_time,2,yes,17,0,3,8,yes,yes,Yes
110,4,long_time,4,yes,15,0,3,0,yes,yes,Yes
111,3,very_long_time,4,yes,17,0,3,6,yes,yes,Yes
112,3,short_time,1,yes,18,1,5,13,no,yes,Yes
113,3,short_time,2,yes,17,0,5,14,yes,yes,Yes
114,3,short_time,1,yes,19,1,4,8,yes,yes,No
115,1,short_time,1,no,16,0,5,8,yes,yes,No
116,2,short_time,3,no,17,0,4,0,yes,no,No
117,1,short_time,1,no,17,1,5,0,no,no,No
118,3,short_time,2,yes,16,0,4,3,yes,no,Yes
119,2,Medium_time,3,yes,16,0,1,0,no,yes,Yes
120,2,Medium_time,2,yes,18,0,1,4,no,yes,Yes
121,4,Medium_time,3,yes,15,0,1,0,yes,yes,Yes
122,4,Medium_time,3,yes,15,0,4,4,yes,yes,Yes
123,3,short_time,3,yes,17,0,4,6,yes,yes,Yes
124,4,Medium_time,4,yes,16,0,1,8,yes,yes,Yes
125,4,long_time,2,yes,16,0,1,10,no,yes,Yes
126,4,very_long_time,2,yes,17,0,1,6,yes,yes,Yes
127,4,short_time,2,yes,16,0,1,0,no,yes,Yes
128,4,short_time,2,yes,18,0,1,0,yes,yes,Yes
129,1,short_time,1,no,16,1,2,5,no,yes,No
130,2,Medium_time,2,yes,16,0,1,0,yes,yes,No
131,3,short_time,2,yes,17,2,1,12,yes,yes,Yes
132,4,short_time,3,yes,16,0,1,9,yes,yes,Yes
133,4,short_time,3,yes,18,0,1,2,yes,yes,No
134,2,Medium_time,2,yes,16,0,3,0,yes,yes,Yes
135,4,Medium_time,2,yes,16,0,1,0,yes,yes,Yes
136,4,short_time,3,yes,16,0,4,22,no,yes,Yes
137,3,Medium_time,1,yes,17,2,4,0,yes,no,Yes
138,2,Medium_time,2,yes,19,0,5,22,yes,yes,Yes
139,4,short_time,2,yes,16,0,1,2,yes,yes,Yes
140,1,short_time,1,yes,19,1,1,21,yes,yes,No
141,3,short_time,4,yes,16,0,1,4,yes,yes,Yes
142,4,short_time,2,yes,16,0,1,1,yes,yes,Yes
143,4,Medium_time,3,yes,16,0,1,6,yes,yes,Yes
144,2,Medium_time,2,yes,16,0,1,4,yes,yes,Yes
145,2,Medium_time,2,yes,16,0,1,0,no,yes,Yes
146,0,short_time,1,yes,18,1,4,7,no,yes,No
147,2,Medium_time,2,yes,16,0,1,0,yes,yes,Yes
148,4,long_time,2,yes,17,0,1,4,no,yes,Yes
149,2,short_time,2,yes,18,0,4,0,no,no,Yes
150,2,Medium_time,2,yes,16,1,1,8,no,no,No
151,1,Medium_time,1,yes,16,2,4,0,no,no,Yes
152,3,Medium_time,2,yes,15,0,1,6,yes,yes,Yes
153,2,short_time,2,yes,16,0,1,10,no,yes,Yes
154,4,very_long_time,2,yes,16,0,1,0,no,yes,Yes
155,3,short_time,4,no,17,3,5,0,yes,yes,No
156,2,long_time,2,yes,15,0,3,2,no,yes,No
157,1,short_time,1,no,18,3,4,4,no,yes,No
158,4,long_time,3,yes,16,0,2,0,yes,yes,Yes
159,1,short_time,2,no,17,1,1,0,yes,yes,No
160,3,long_time,2,yes,16,1,4,8,yes,yes,No
161,3,Medium_time,3,yes,16,0,1,8,yes,yes,Yes
162,1,short_time,1,no,18,1,4,5,no,yes,No
163,2,very_long_time,3,yes,16,0,1,0,no,yes,Yes
164,3,long_time,4,yes,16,0,1,0,no,yes,Yes
165,4,long_time,4,yes,16,0,1,0,yes,yes,Yes
166,1,short_time,1,no,18,3,5,4,yes,yes,No
167,2,Medium_time,4,yes,16,0,1,0,yes,yes,Yes
168,1,short_time,1,yes,16,0,2,0,yes,yes,No
169,2,very_long_time,2,yes,17,0,3,0,no,yes,Yes
170,3,Medium_time,3,yes,17,0,4,25,yes,yes,Yes
171,3,Medium_time,3,yes,15,0,1,0,yes,yes,Yes
172,1,short_time,1,yes,18,2,4,6,yes,yes,Yes
173,2,very_long_time,3,yes,15,0,1,0,yes,yes,Yes
174,3,short_time,3,yes,16,0,1,8,yes,yes,Yes
175,2,short_time,2,no,19,2,5,0,no,yes,No
176,3,long_time,2,yes,16,0,1,14,yes,yes,Yes
177,2,short_time,4,yes,20,0,1,0,yes,yes,Yes
178,4,very_long_time,2,yes,18,0,1,0,yes,yes,Yes
179,2,short_time,3,yes,17,0,3,12,yes,yes,Yes
180,4,short_time,3,yes,15,0,1,0,yes,yes,Yes
181,1,Medium_time,1,no,18,3,5,0,yes,no,No
182,3,long_time,3,yes,16,0,4,0,yes,yes,Yes
183,2,short_time,1,yes,19,1,5,0,yes,yes,No
184,2,short_time,2,yes,16,0,2,2,no,yes,Yes
185,4,short_time,3,yes,16,0,1,2,yes,yes,Yes
186,3,short_time,2,no,16,0,1,0,yes,yes,Yes
187,2,short_time,3,yes,16,1,1,2,yes,no,No
188,3,Medium_time,3,yes,15,1,1,4,yes,yes,No
189,4,short_time,3,yes,16,0,1,2,yes,yes,No
190,3,short_time,3,yes,16,0,4,0,yes,yes,Yes
191,4,Medium_time,1,yes,17,1,3,6,no,yes,No
192,2,short_time,1,no,18,1,2,3,yes,yes,No
193,2,short_time,3,yes,18,0,1,0,yes,yes,No
194,4,short_time,3,yes,17,0,1,4,yes,yes,Yes
195,3,short_time,2,yes,17,0,5,1,yes,yes,No
196,1,short_time,1,no,19,1,1,0,no,no,No
197,2,short_time,2,yes,17,0,5,8,yes,yes,No
198,4,very_long_time,3,yes,16,0,1,0,yes,yes,Yes
199,2,Medium_time,1,yes,16,0,4,12,yes,yes,Yes
200,4,Medium_time,3,yes,17,0,2,0,yes,yes,Yes
201,2,short_time,1,yes,15,2,5,14,yes,yes,No
202,4,very_long_time,2,yes,16,0,1,0,yes,yes,Yes
203,4,Medium_time,0,yes,17,0,3,2,yes,yes,Yes
204,2,Medium_time,2,yes,18,0,1,2,yes,yes,Yes
205,2,short_time,1,yes,18,2,1,20,yes,yes,No
206,2,very_long_time,3,yes,17,0,1,0,yes,yes,Yes
207,4,Medium_time,2,yes,15,0,1,2,yes,yes,Yes
208,2,short_time,2,yes,17,0,2,8,yes,yes,Yes
209,1,short_time,1,no,20,3,1,12,yes,yes,No
210,1,short_time,1,no,17,3,4,3,yes,yes,No
211,4,Medium_time,3,yes,16,0,1,0,yes,yes,Yes
212,4,short_time,3,yes,15,0,5,0,yes,yes,Yes
213,2,long_time,2,yes,16,2,2,4,yes,yes,No
214,4,short_time,3,yes,17,0,1,10,yes,yes,No
215,4,long_time,3,yes,16,0,4,0,yes,yes,Yes
216,4,short_time,3,yes,16,0,3,4,yes,yes,Yes
217,3,short_time,2,yes,20,1,3,6,yes,yes,Yes
218,2,short_time,2,no,18,0,5,6,no,yes,Yes
219,2,short_time,1,no,19,2,1,0,yes,no,No
220,2,short_time,1,yes,17,1,2,16,no,no,No
221,4,short_time,1,no,19,2,5,0,yes,yes,No
222,2,short_time,1,no,19,1,1,6,no,yes,No
223,2,short_time,2,yes,16,0,5,0,no,yes,Yes
224,2,short_time,3,no,17,2,1,8,yes,yes,No
225,1,short_time,1,no,17,1,5,14,yes,no,No
226,2,short_time,3,yes,17,0,3,2,no,yes,Yes
227,3,Medium_time,3,yes,16,0,1,2,no,yes,Yes
228,1,short_time,1,no,18,3,4,0,no,no,Yes
229,2,short_time,2,yes,20,0,1,7,yes,yes,Yes
230,2,short_time,1,no,19,1,4,8,yes,yes,No
231,1,short_time,1,no,18,3,4,4,yes,yes,No
232,1,short_time,1,no,19,1,5,4,no,no,No
233,2,very_long_time,4,yes,15,0,2,6,no,yes,No
234,2,short_time,1,no,16,2,4,14,yes,no,No
235,2,short_time,2,yes,17,0,1,9,yes,no,No
236,2,short_time,2,yes,16,1,1,0,yes,yes,No
237,4,long_time,4,yes,16,0,2,6,yes,yes,Yes
238,1,short_time,1,no,17,1,4,8,yes,no,No
239,3,long_time,3,yes,16,0,4,6,yes,yes,Yes
240,2,Medium_time,2,yes,15,0,1,6,yes,no,Yes
241,4,long_time,3,yes,16,0,4,8,yes,yes,Yes
242,3,Medium_time,2,yes,17,0,1,2,yes,no,Yes
243,3,short_time,2,yes,18,1,4,16,yes,yes,No
244,3,short_time,1,yes,18,0,4,12,yes,yes,Yes
245,2,short_time,2,yes,17,0,1,18,yes,yes,Yes
246,1,short_time,2,yes,19,1,4,6,no,yes,Yes
247,2,short_time,2,yes,15,0,2,0,no,yes,Yes
248,2,short_time,2,yes,16,0,1,6,no,yes,Yes
249,1,short_time,1,no,16,1,4,4,no,no,No
250,2,short_time,2,yes,16,0,1,4,yes,yes,Yes
251,1,short_time,2,no,18,1,4,16,yes,yes,No
252,1,short_time,1,no,16,1,2,12,no,yes,No
253,3,Medium_time,3,yes,17,0,3,8,yes,yes,Yes
254,3,short_time,1,yes,16,3,5,11,no,yes,No
255,2,very_long_time,3,yes,15,0,4,0,yes,yes,No
256,2,short_time,4,yes,18,0,1,0,yes,yes,Yes
257,1,short_time,1,yes,18,0,3,0,yes,no,No
258,2,Medium_time,3,yes,18,0,1,8,no,yes,Yes
259,4,short_time,4,yes,16,0,1,12,no,no,Yes
260,3,Medium_time,2,no,17,1,2,0,no,yes,No
261,3,Medium_time,2,yes,18,1,4,5,yes,yes,No
262,3,short_time,1,yes,17,2,4,22,yes,yes,No
263,2,short_time,2,yes,18,3,3,0,no,yes,No
264,2,short_time,1,no,19,2,1,0,yes,no,Yes
265,4,long_time,4,yes,17,0,1,0,yes,yes,Yes
266,2,Medium_time,3,yes,15,0,2,0,yes,yes,Yes
267,1,short_time,3,yes,16,1,1,4,yes,yes,No
268,2,short_time,1,yes,16,1,1,2,no,yes,Yes
269,1,short_time,4,yes,15,0,1,4,yes,no,Yes
270,2,short_time,3,yes,16,0,3,6,yes,yes,Yes
271,2,Medium_time,2,yes,18,0,1,2,no,no,Yes
272,1,short_time,2,yes,17,1,1,0,no,no,Yes
273,4,Medium_time,3,yes,17,0,3,2,yes,yes,Yes
274,4,Medium_time,4,yes,19,0,4,8,yes,yes,Yes
275,2,short_time,2,yes,15,0,1,0,no,yes,Yes
276,2,short_time,2,yes,16,0,1,10,no,yes,Yes
277,2,Medium_time,2,yes,15,0,1,0,no,yes,Yes
278,2,short_time,2,yes,19,0,5,0,no,yes,Yes
279,2,very_long_time,3,yes,16,0,1,4,yes,yes,Yes
280,3,long_time,2,yes,17,1,1,28,yes,yes,Yes
281,1,Medium_time,1,no,18,1,5,16,yes,yes,No
282,1,Medium_time,4,yes,17,0,5,0,yes,yes,No
283,1,short_time,1,yes,18,3,2,0,no,yes,No
284,4,Medium_time,3,yes,15,0,4,2,yes,yes,Yes
285,4,very_long_time,3,yes,16,0,1,6,yes,yes,Yes
286,1,short_time,1,no,18,1,4,3,no,no,No
287,2,Medium_time,1,yes,18,1,4,18,yes,yes,No
288,2,Medium_time,3,yes,18,1,2,12,yes,yes,No
289,3,short_time,0,no,22,0,3,16,yes,no,No
290,2,long_time,1,yes,18,0,2,4,no,yes,No
291,3,Medium_time,2,yes,17,0,5,10,yes,yes,Yes
292,1,short_time,1,no,17,1,3,12,yes,yes,No
293,1,short_time,1,no,16,1,5,21,yes,no,No
294,2,Medium_time,2,yes,18,0,3,0,yes,yes,Yes
295,4,Medium_time,4,yes,15,0,1,0,yes,yes,Yes
296,4,short_time,4,yes,16,0,1,9,yes,yes,Yes
297,2,Medium_time,1,yes,18,1,1,2,yes,yes,No
298,3,long_time,3,yes,15,0,1,6,no,yes,Yes
299,3,short_time,3,yes,19,1,4,0,no,yes,No
300,4,short_time,2,yes,15,0,1,6,yes,yes,Yes
301,2,short_time,2,yes,16,0,2,0,yes,yes,No
302,3,long_time,3,yes,18,0,4,6,yes,yes,Yes
303,2,Medium_time,2,yes,17,1,1,0,no,yes,Yes
304,2,Medium_time,2,yes,18,2,2,18,no,yes,Yes
305,4,very_long_time,2,yes,16,0,1,0,no,no,Yes
306,4,very_long_time,0,yes,16,0,4,6,yes,yes,Yes
307,3,short_time,2,yes,16,0,1,0,yes,yes,Yes
308,2,short_time,1,no,17,1,5,12,no,yes,No
309,3,Medium_time,3,yes,16,0,4,6,yes,yes,Yes
310,2,short_time,1,yes,21,1,1,11,no,yes,No
311,4,Medium_time,4,yes,17,0,1,10,yes,yes,Yes
312,3,short_time,2,yes,16,0,3,4,no,yes,Yes
313,3,Medium_time,1,no,19,3,2,16,no,yes,No
314,1,short_time,1,no,19,1,5,0,yes,yes,No
315,0,short_time,1,yes,19,3,5,11,yes,yes,No
316,1,short_time,4,no,19,3,4,6,yes,yes,No
317,4,short_time,1,yes,16,0,1,10,no,yes,Yes
318,2,short_time,1,no,18,1,1,10,no,yes,No
319,1,short_time,1,no,18,3,4,4,yes,yes,No
320,2,short_time,1,yes,17,0,1,7,no,yes,Yes
321,2,Medium_time,3,yes,16,0,1,0,no,yes,Yes
322,3,short_time,3,yes,16,2,1,11,no,no,No
323,4,Medium_time,4,yes,17,0,2,0,yes,yes,Yes
324,2,Medium_time,4,yes,15,0,1,4,no,yes,Yes
325,3,Medium_time,4,yes,17,0,3,8,yes,yes,Yes
326,2,Medium_time,3,yes,16,0,1,0,yes,yes,Yes
327,3,short_time,4,yes,15,0,1,4,yes,yes,Yes
328,4,short_time,4,yes,15,0,1,0,yes,yes,Yes
329,4,short_time,3,yes,17,0,2,1,yes,yes,Yes
330,2,Medium_time,1,no,19,2,5,8,no,yes,No
331,4,very_long_time,4,yes,15,0,2,2,yes,yes,Yes
332,4,very_long_time,4,yes,17,0,1,0,yes,yes,Yes
333,4,very_long_time,1,yes,22,1,4,8,yes,yes,No
334,2,short_time,1,no,19,3,4,0,yes,yes,No
335,4,short_time,3,yes,16,0,1,0,yes,yes,Yes
336,1,short_time,1,no,19,2,4,0,no,no,No
337,4,Medium_time,3,yes,17,0,4,6,yes,yes,Yes
338,1,short_time,1,no,19,2,4,16,no,yes,No
339,2,very_long_time,3,yes,18,0,5,0,yes,yes,Yes
340,1,short_time,1,no,18,1,4,16,no,yes,No
341,2,Medium_time,3,yes,16,0,2,2,yes,yes,Yes
342,1,short_time,2,yes,19,1,1,8,no,yes,No
343,3,Medium_time,2,yes,16,0,1,10,yes,yes,Yes
344,3,short_time,2,no,17,2,4,14,yes,yes,No
345,2,Medium_time,4,yes,16,0,1,0,no,yes,Yes
346,2,short_time,1,yes,16,0,4,21,yes,yes,Yes
347,2,long_time,3,yes,16,0,2,6,yes,yes,Yes
348,4,short_time,3,yes,16,0,1,14,no,yes,Yes
349,2,long_time,2,yes,16,0,1,3,no,yes,Yes
350,1,short_time,2,yes,15,1,1,0,no,no,No
351,3,very_long_time,3,yes,18,0,2,2,no,yes,Yes
352,2,short_time,1,no,18,1,5,11,yes,yes,No
353,4,Medium_time,3,yes,15,0,1,0,no,yes,Yes
354,4,Medium_time,0,yes,18,0,1,6,no,yes,Yes
355,2,short_time,1,no,17,0,4,0,no,yes,Yes
356,2,Medium_time,2,no,19,0,4,8,yes,no,Yes
357,2,short_time,1,yes,17,2,5,6,yes,yes,No
358,2,short_time,2,yes,15,0,2,5,yes,yes,Yes
359,3,very_long_time,3,yes,15,0,1,3,no,yes,Yes
360,4,short_time,2,yes,16,0,2,0,no,yes,Yes
361,2,Medium_time,3,yes,16,0,1,2,yes,yes,Yes
362,4,long_time,3,yes,15,0,4,0,yes,yes,Yes
363,4,Medium_time,2,yes,16,0,2,6,yes,yes,Yes
364,4,short_time,3,yes,16,0,2,0,yes,yes,Yes
365,3,long_time,2,yes,16,0,1,0,no,yes,Yes
366,2,Medium_time,2,yes,16,0,1,0,no,no,Yes
367,2,Medium_time,4,yes,18,0,3,8,yes,yes,No
368,1,Medium_time,1,no,16,1,4,0,yes,yes,No
369,2,Medium_time,1,yes,18,1,4,8,no,yes,Yes
370,1,short_time,3,yes,16,1,1,2,no,no,No
371,4,Medium_time,3,yes,16,0,4,0,yes,yes,Yes
372,1,short_time,1,no,18,1,4,8,no,yes,No
373,2,short_time,2,yes,17,0,2,4,yes,yes,No
374,1,Medium_time,1,no,20,1,5,2,yes,no,No
375,2,short_time,3,yes,15,3,5,9,yes,yes,Yes
376,1,short_time,3,no,16,1,2,14,yes,yes,No
377,4,short_time,2,yes,18,1,3,0,no,yes,Yes
378,2,Medium_time,4,yes,15,0,1,0,no,yes,Yes
379,2,Medium_time,3,yes,15,0,2,6,no,yes,Yes
380,3,short_time,3,yes,16,0,1,8,yes,yes,Yes
381,3,short_time,3,no,18,1,1,3,yes,no,No
382,4,long_time,1,yes,16,0,4,21,yes,yes,Yes
383,4,short_time,2,yes,17,0,2,0,yes,yes,Yes
384,2,short_time,2,yes,16,0,5,8,no,yes,Yes
385,3,very_long_time,3,yes,16,0,1,0,yes,yes,No
386,3,short_time,2,yes,17,0,4,14,no,yes,No
387,3,short_time,3,yes,15,0,4,8,yes,yes,Yes
388,4,Medium_time,3,yes,16,0,4,2,yes,yes,Yes
389,1,short_time,3,no,18,3,2,11,yes,yes,No
390,2,short_time,3,yes,16,0,4,3,no,yes,Yes
391,4,long_time,3,yes,16,0,1,0,yes,yes,Yes
392,4,short_time,3,yes,16,0,1,4,yes,yes,Yes
393,2,short_time,2,yes,16,0,4,0,yes,no,Yes
394,1,short_time,2,yes,18,0,1,0,yes,yes,No
395,2,short_time,1,no,16,1,5,14,yes,yes,No
396,2,short_time,2,yes,18,0,1,0,no,yes,No
397,2,Medium_time,3,yes,16,0,3,4,yes,yes,Yes
398,2,Medium_time,1,yes,16,0,2,6,yes,yes,Yes
399,1,Medium_time,1,yes,17,0,1,6,yes,yes,No
400,3,short_time,4,yes,19,1,5,16,yes,yes,No
401,1,Medium_time,4,yes,16,0,1,6,yes,yes,Yes
402,3,short_time,2,yes,17,0,1,0,no,yes,Yes
403,2,short_time,2,no,16,2,5,0,no,yes,No
404,2,long_time,1,yes,18,1,1,0,yes,yes,No
405,1,Medium_time,1,no,20,2,4,11,yes,yes,Yes
406,4,very_long_time,2,yes,16,0,1,6,yes,yes,Yes
407,1,short_time,2,yes,16,1,1,0,yes,no,Yes
408,4,very_long_time,1,yes,16,0,1,0,no,yes,Yes
409,2,short_time,2,yes,18,0,2,0,yes,yes,Yes
410,3,Medium_time,2,yes,18,0,1,16,yes,yes,No
411,4,long_time,4,yes,16,0,1,6,yes,yes,Yes
412,1,short_time,2,yes,16,1,3,8,yes,yes,No
413,3,short_time,2,yes,18,0,1,4,no,yes,Yes
414,1,long_time,2,yes,19,1,2,0,no,yes,Yes
415,3,short_time,2,yes,16,0,4,0,yes,yes,No
416,2,Medium_time,4,yes,15,0,2,8,yes,yes,Yes
417,1,short_time,1,no,16,3,5,5,yes,yes,No
418,2,short_time,1,yes,16,0,2,4,yes,yes,Yes
419,1,short_time,1,no,19,1,4,12,yes,yes,No
420,2,short_time,2,yes,16,0,1,2,yes,yes,Yes
421,2,Medium_time,4,yes,16,0,1,0,yes,yes,Yes
422,2,short_time,2,yes,16,1,4,0,yes,yes,Yes
423,4,long_time,3,yes,15,0,2,6,yes,yes,Yes
424,2,short_time,1,no,20,2,1,4,yes,yes,No
425,4,Medium_time,2,yes,16,0,2,0,yes,yes,Yes
426,3,short_time,2,yes,16,0,1,0,yes,yes,Yes
427,2,Medium_time,3,yes,19,0,4,7,yes,no,Yes
428,1,Medium_time,1,yes,19,1,5,10,no,yes,Yes
429,2,short_time,1,yes,17,2,1,6,no,yes,Yes
430,4,short_time,2,yes,16,0,1,6,no,yes,Yes
431,4,very_long_time,4,yes,17,0,1,0,no,yes,Yes
432,4,very_long_time,2,yes,17,0,4,10,no,yes,Yes
433,4,long_time,3,yes,16,0,4,6,yes,yes,Yes
434,2,short_time,4,yes,18,0,1,8,yes,no,Yes
435,3,Medium_time,3,yes,17,0,4,3,yes,yes,Yes
436,4,long_time,3,yes,16,0,2,0,yes,yes,Yes
437,3,short_time,2,yes,16,0,1,2,yes,no,No
438,2,short_time,3,yes,18,0,2,12,yes,yes,Yes
439,2,short_time,2,yes,17,2,4,4,yes,yes,No
440,2,long_time,2,yes,16,0,3,6,no,yes,Yes
441,2,short_time,2,yes,18,0,5,0,yes,yes,Yes
442,4,very_long_time,3,yes,15,0,1,4,yes,yes,Yes
443,4,short_time,4,yes,15,0,4,0,yes,yes,Yes
444,1,short_time,2,no,18,1,1,4,yes,yes,No
445,4,short_time,2,yes,18,0,1,4,yes,yes,Yes
446,2,Medium_time,1,yes,16,0,3,4,yes,yes,Yes
447,1,short_time,1,yes,17,1,1,0,yes,yes,No
448,3,Medium_time,2,yes,18,0,1,2,yes,yes,Yes
449,2,short_time,2,yes,18,0,5,8,yes,yes,Yes
450,1,short_time,2,no,19,1,4,21,yes,yes,No
451,2,short_time,2,yes,16,1,4,6,no,no,Yes
452,3,short_time,1,no,17,3,4,10,no,no,No
453,3,short_time,2,yes,17,0,1,8,yes,yes,Yes
454,4,short_time,3,yes,16,0,2,0,yes,yes,Yes
455,4,very_long_time,2,yes,15,0,1,4,yes,yes,Yes
456,3,Medium_time,3,yes,17,0,4,8,yes,yes,No
457,2,short_time,1,no,18,1,4,16,yes,yes,No
458,3,very_long_time,2,yes,16,0,1,0,no,yes,Yes
459,2,short_time,2,yes,16,2,1,0,yes,yes,No
460,3,Medium_time,2,yes,16,0,1,1,no,yes,Yes
461,4,Medium_time,2,yes,15,0,1,4,yes,yes,Yes
462,2,short_time,2,yes,16,2,2,6,yes,yes,Yes
463,2,short_time,2,yes,18,0,4,0,yes,no,Yes
464,1,short_time,3,yes,16,0,1,2,yes,yes,No
465,4,short_time,3,yes,16,0,1,10,yes,yes,Yes
466,2,Medium_time,2,yes,16,0,1,12,yes,no,Yes
467,1,short_time,1,no,16,1,1,4,no,yes,No
468,3,short_time,2,yes,17,1,1,8,no,yes,No
469,4,long_time,3,yes,16,0,2,0,yes,yes,Yes
470,2,short_time,1,yes,17,2,5,0,yes,yes,No
471,3,short_time,3,yes,15,0,1,9,yes,yes,Yes
472,4,Medium_time,2,yes,20,0,1,10,no,yes,Yes
473,2,short_time,2,yes,20,0,1,0,no,yes,Yes
474,2,long_time,3,yes,15,0,2,0,yes,yes,Yes
475,4,Medium_time,4,yes,15,0,1,4,yes,yes,Yes
476,3,short_time,4,yes,15,0,4,3,yes,yes,Yes
477,2,very_long_time,1,yes,16,1,5,2,yes,yes,No
478,3,short_time,2,yes,16,0,1,9,no,yes,Yes
479,1,short_time,2,no,19,1,1,3,no,yes,No
480,3,long_time,3,yes,17,0,4,0,yes,no,Yes
481,4,short_time,2,yes,18,2,2,6,yes,no,No
482,3,short_time,2,no,19,1,4,0,yes,yes,No
483,2,short_time,2,yes,16,0,2,16,no,yes,Yes
484,1,short_time,1,no,16,1,5,0,yes,no,No
485,3,very_long_time,4,yes,17,0,2,0,yes,yes,Yes
486,3,long_time,2,yes,18,0,3,4,no,yes,Yes
487,4,Medium_time,2,yes,17,0,3,0,yes,yes,Yes
488,2,Medium_time,1,yes,17,1,4,12,yes,yes,Yes
489,3,short_time,3,yes,15,0,1,10,no,yes,Yes
490,2,short_time,2,yes,17,0,1,8,yes,yes,Yes
491,2,long_time,1,yes,16,0,4,3,yes,yes,Yes
492,2,short_time,1,no,19,1,2,0,no,yes,No
493,2,short_time,2,yes,16,1,5,8,yes,yes,No
494,4,short_time,3,yes,16,0,1,8,no,yes,Yes
495,4,short_time,2,yes,16,0,3,8,yes,yes,Yes
496,4,very_long_time,3,yes,16,0,1,0,yes,yes,Yes
497,1,Medium_time,2,yes,16,0,5,0,no,yes,Yes
498,1,Medium_time,1,no,18,1,4,16,no,yes,No
499,2,Medium_time,3,yes,17,0,1,4,yes,yes,Yes
500,2,short_time,1,yes,17,2,4,6,no,yes,No
501,2,short_time,1,no,16,1,2,2,yes,yes,No
502,1,short_time,1,no,18,1,4,0,no,yes,No
503,4,very_long_time,3,yes,17,0,1,0,yes,yes,Yes
504,1,short_time,1,no,16,1,5,8,no,yes,No
505,3,Medium_time,2,yes,18,2,4,0,yes,yes,No
506,4,very_long_time,2,yes,15,0,1,0,yes,yes,Yes
507,2,Medium_time,2,yes,18,0,2,14,no,no,Yes
508,2,very_long_time,2,yes,17,0,1,4,no,yes,Yes
509,4,short_time,2,yes,22,0,1,0,no,yes,Yes
510,4,Medium_time,2,yes,16,0,1,4,yes,yes,Yes
511,1,short_time,2,yes,19,1,4,75,yes,yes,No
512,2,Medium_time,4,yes,16,0,1,10,yes,yes,Yes
513,2,short_time,4,yes,16,0,1,10,yes,yes,Yes
514,2,short_time,1,no,18,3,5,0,no,yes,No
515,1,short_time,1,yes,18,1,1,16,no,yes,No
516,2,Medium_time,3,yes,17,0,1,3,yes,yes,Yes
517,3,Medium_time,2,yes,21,2,1,1,yes,yes,No
518,1,short_time,1,no,19,3,2,2,no,yes,No
519,2,Medium_time,1,yes,16,0,1,8,yes,yes,Yes
520,2,long_time,2,yes,21,0,1,3,yes,yes,Yes
521,4,short_time,2,yes,15,0,1,10,yes,yes,Yes
522,3,short_time,1,yes,19,1,1,0,yes,yes,No
523,4,short_time,3,yes,15,0,1,3,yes,yes,Yes
524,4,Medium_time,3,yes,16,0,2,6,yes,yes,Yes
525,1,very_long_time,3,yes,16,0,2,4,no,yes,No
526,1,short_time,2,yes,16,0,1,10,no,yes,Yes
527,4,Medium_time,2,yes,16,0,1,17,no,yes,Yes
528,2,short_time,2,yes,18,1,3,10,yes,yes,Yes
529,2,short_time,1,no,18,1,5,16,yes,yes,No
530,2,short_time,1,yes,19,2,2,11,no,yes,No
531,2,Medium_time,4,yes,16,0,1,0,yes,yes,Yes
532,1,short_time,1,no,19,1,5,16,yes,yes,No
533,2,Medium_time,4,yes,18,0,1,6,yes,yes,Yes
534,3,short_time,2,yes,17,0,1,0,no,yes,No
535,1,short_time,1,no,19,1,1,5,yes,yes,No
536,3,short_time,2,yes,16,1,4,16,no,no,Yes
537,2,long_time,0,yes,17,0,4,6,no,yes,Yes
538,4,Medium_time,4,yes,16,0,1,4,yes,yes,Yes
539,1,short_time,2,yes,17,0,1,0,yes,yes,No
540,3,long_time,0,yes,20,2,2,18,no,yes,No
541,2,Medium_time,0,yes,18,0,4,8,yes,yes,Yes
542,2,short_time,2,yes,17,1,4,0,yes,yes,No
543,3,short_time,2,yes,18,0,1,10,yes,yes,Yes
544,1,short_time,1,yes,20,0,1,12,yes,yes,No
545,2,short_time,3,yes,18,0,1,2,yes,yes,Yes
546,3,Medium_time,2,yes,15,0,4,8,yes,yes,Yes
547,3,long_time,1,yes,18,0,1,8,yes,yes,Yes
548,2,short_time,3,yes,18,2,4,22,yes,yes,No
549,3,short_time,3,yes,18,0,1,40,yes,yes,No
550,2,short_time,2,yes,16,0,1,9,no,yes,Yes
551,4,short_time,3,yes,17,0,3,0,yes,yes,Yes
552,2,short_time,2,yes,16,0,1,8,yes,yes,Yes
553,4,short_time,4,yes,18,0,1,6,yes,yes,Yes
554,4,short_time,4,yes,15,0,1,16,yes,yes,Yes
555,2,Medium_time,1,no,19,1,1,0,yes,yes,No
556,1,short_time,1,no,18,3,5,12,yes,yes,No
557,2,very_long_time,3,yes,16,0,1,6,yes,no,Yes
558,2,short_time,1,yes,18,0,4,16,no,no,No
559,4,short_time,2,yes,15,0,4,9,yes,yes,Yes
560,2,Medium_time,2,yes,16,0,1,8,no,yes,Yes
561,3,short_time,2,yes,17,0,4,0,yes,yes,No
562,4,long_time,4,yes,15,0,1,0,yes,yes,Yes
563,2,very_long_time,2,yes,16,0,1,0,yes,yes,Yes
564,3,short_time,3,yes,15,0,1,0,yes,yes,Yes
565,1,short_time,1,no,19,1,5,3,no,yes,No
566,2,long_time,3,yes,16,0,1,0,yes,yes,Yes
567,2,short_time,3,yes,17,0,4,8,yes,yes,Yes
568,3,short_time,2,yes,16,1,1,7,yes,yes,Yes
569,4,short_time,1,yes,16,0,1,16,yes,yes,Yes
570,2,Medium_time,2,yes,16,0,1,2,yes,yes,Yes
571,2,short_time,2,yes,16,0,4,6,yes,yes,Yes
572,1,short_time,2,yes,15,1,1,0,yes,no,No
573,2,short_time,1,no,19,1,2,4,yes,yes,No
574,2,Medium_time,3,yes,16,0,2,6,yes,yes,Yes
575,3,Medium_time,2,no,19,0,4,2,yes,no,No
576,2,short_time,2,yes,16,0,1,4,no,yes,Yes
577,2,Medium_time,4,yes,17,0,3,22,yes,yes,Yes
578,4,Medium_time,4,yes,22,1,1,10,no,yes,Yes
579,1,short_time,1,no,17,1,2,11,yes,yes,No
580,2,short_time,1,yes,17,1,1,8,yes,yes,No
581,1,short_time,1,no,17,0,1,0,yes,yes,No
582,3,long_time,2,yes,17,1,2,2,yes,yes,Yes
583,3,short_time,1,yes,18,2,1,0,yes,yes,No
584,3,long_time,2,yes,17,0,4,4,yes,yes,Yes
585,4,short_time,0,yes,15,0,2,1,yes,yes,No
586,2,Medium_time,2,yes,16,0,1,0,yes,yes,Yes
587,2,Medium_time,2,yes,16,0,5,3,yes,yes,No
588,2,Medium_time,3,yes,16,0,1,12,yes,yes,Yes
589,4,short_time,3,yes,16,0,1,8,no,yes,Yes
590,3,short_time,3,yes,15,1,4,7,no,no,Yes
591,4,short_time,2,yes,18,0,5,0,yes,yes,Yes
592,4,short_time,3,yes,17,0,1,4,yes,yes,Yes
593,4,short_time,3,yes,15,0,1,8,yes,yes,Yes
594,3,short_time,2,no,17,2,1,12,yes,yes,No
595,2,short_time,2,yes,16,0,1,16,yes,yes,Yes
596,4,very_long_time,3,yes,15,0,4,0,no,yes,Yes
597,2,short_time,1,no,19,1,5,23,yes,yes,No
598,2,short_time,3,yes,16,0,2,2,yes,yes,Yes
599,1,short_time,2,yes,15,0,1,25,yes,yes,No
600,2,Medium_time,3,yes,15,2,4,6,yes,yes,Yes
601,1,short_time,2,no,18,2,1,11,no,yes,No
602,4,very_long_time,4,yes,15,0,1,15,yes,yes,Yes
603,2,short_time,2,yes,15,0,4,8,no,yes,Yes
604,4,long_time,4,yes,17,0,1,4,no,yes,Yes
605,3,Medium_time,1,yes,18,2,1,0,yes,no,Yes
606,2,very_long_time,3,yes,17,0,1,2,yes,yes,No
607,2,short_time,3,no,18,1,3,9,no,yes,No
608,4,Medium_time,4,yes,18,0,1,4,yes,yes,Yes
609,3,short_time,1,no,17,2,5,0,yes,yes,No
610,2,short_time,2,yes,18,0,1,0,no,yes,No
611,1,short_time,1,no,18,3,4,0,yes,yes,No
612,2,short_time,1,no,15,0,5,0,yes,yes,No
613,2,short_time,2,yes,16,0,4,4,yes,yes,Yes
614,3,short_time,2,no,16,1,2,0,no,no,No
615,1,short_time,1,no,19,3,5,8,no,yes,No
616,4,very_long_time,3,yes,16,0,4,8,no,yes,Yes
617,4,long_time,3,yes,17,0,2,6,yes,yes,Yes
618,4,Medium_time,4,yes,16,0,1,0,yes,yes,Yes
619,1,short_time,2,no,16,1,1,14,yes,yes,No
620,2,Medium_time,4,yes,17,0,1,0,no,yes,Yes
621,1,short_time,1,yes,19,1,3,0,yes,yes,No
622,4,short_time,3,yes,15,0,1,6,yes,yes,Yes
623,1,very_long_time,4,yes,17,0,4,0,yes,yes,Yes
624,2,short_time,1,no,18,2,4,2,no,yes,No
625,2,short_time,2,yes,15,0,4,0,yes,yes,Yes
626,3,short_time,2,yes,17,0,1,0,no,yes,Yes
627,4,long_time,2,yes,15,0,1,2,yes,yes,Yes
628,3,short_time,2,yes,18,0,5,0,yes,yes,Yes
629,3,Medium_time,2,yes,16,0,1,22,yes,yes,No
630,2,short_time,3,yes,17,1,4,0,yes,yes,No
631,3,Medium_time,3,yes,15,0,4,2,yes,yes,Yes
632,1,short_time,1,no,17,3,4,8,yes,no,No
633,3,short_time,3,yes,16,2,4,11,yes,yes,Yes
634,1,short_time,2,no,18,0,4,3,yes,yes,No
635,3,Medium_time,3,yes,17,0,3,0,yes,yes,Yes
636,1,short_time,1,no,18,1,5,6,yes,yes,No
637,1,short_time,1,no,19,1,4,12,no,yes,No
638,2,short_time,1,no,18,0,5,30,yes,yes,Yes
639,1,short_time,4,yes,16,0,2,4,no,yes,Yes
640,3,short_time,2,yes,18,0,4,21,no,yes,Yes
641,2,short_time,1,yes,16,0,1,8,no,yes,Yes
642,1,short_time,1,no,18,1,4,10,yes,yes,No
643,4,short_time,2,yes,19,0,3,0,no,yes,No
644,4,Medium_time,2,yes,17,0,1,2,yes,yes,Yes
645,4,short_time,3,yes,17,0,1,2,yes,yes,Yes
646,3,long_time,2,yes,18,0,4,0,yes,yes,Yes
647,2,short_time,1,yes,22,1,4,19,yes,yes,Yes
648,2,short_time,1,no,17,0,4,3,no,yes,No
649,4,very_long_time,4,yes,15,0,1,0,yes,yes,Yes
650,3,Medium_time,3,yes,16,0,2,6,yes,yes,Yes
651,1,short_time,1,no,19,1,5,7,yes,yes,No
652,2,Medium_time,2,yes,17,0,4,0,no,yes,Yes
653,4,very_long_time,3,yes,15,0,1,0,yes,yes,Yes
654,3,Medium_time,3,yes,16,0,4,4,yes,yes,Yes
655,3,Medium_time,3,yes,15,0,1,0,yes,yes,Yes
656,2,short_time,4,yes,16,0,4,0,yes,yes,Yes
657,1,short_time,3,yes,18,0,2,23,yes,yes,No
658,2,Medium_time,4,yes,16,0,2,4,no,yes,Yes
659,4,short_time,4,yes,17,0,2,8,no,yes,Yes
660,1,short_time,1,yes,16,2,1,12,yes,yes,No
661,1,short_time,1,no,19,3,5,0,yes,yes,No
662,3,short_time,2,no,17,0,2,8,yes,no,Yes
663,2,Medium_time,3,yes,17,1,5,5,yes,yes,Yes
664,2,Medium_time,1,yes,17,3,4,10,no,no,No
665,1,short_time,1,yes,16,1,4,2,no,yes,No
666,4,Medium_time,3,yes,15,0,1,4,yes,yes,Yes
667,2,very_long_time,3,yes,16,0,1,6,yes,yes,Yes
668,2,long_time,3,yes,17,0,4,6,no,no,Yes
669,2,very_long_time,3,yes,17,0,1,10,yes,yes,Yes
670,3,short_time,3,yes,16,0,1,0,yes,no,Yes
671,1,short_time,1,no,18,2,4,8,no,yes,No
672,2,short_time,2,yes,16,0,2,2,no,yes,Yes
673,4,very_long_time,3,yes,16,0,2,0,yes,yes,Yes
674,2,short_time,2,yes,17,0,1,9,yes,yes,Yes
675,4,Medium_time,4,yes,15,0,1,0,yes,no,Yes
676,2,short_time,2,no,17,1,4,3,yes,yes,No
677,4,Medium_time,3,yes,16,0,2,0,yes,yes,Yes
678,2,Medium_time,2,yes,18,0,1,0,yes,yes,Yes
679,2,short_time,2,yes,15,0,4,2,no,yes,No
680,2,short_time,1,no,17,1,1,3,yes,yes,No
681,2,short_time,2,yes,16,0,1,10,yes,yes,Yes
682,2,long_time,4,yes,16,0,1,4,yes,yes,Yes
683,1,short_time,2,yes,17,0,2,4,yes,yes,No
684,2,Medium_time,1,yes,18,2,4,4,no,yes,Yes
685,1,short_time,1,no,17,3,4,24,no,yes,No
686,3,very_long_time,3,yes,15,0,1,0,yes,yes,Yes
687,2,short_time,2,yes,16,0,5,2,no,yes,Yes
688,3,long_time,3,yes,16,0,2,2,yes,yes,No
689,2,short_time,3,no,18,0,5,10,yes,no,Yes
690,2,Medium_time,3,no,15,0,2,4,yes,yes,Yes
691,4,Medium_time,1,yes,16,0,3,25,yes,yes,Yes
692,1,short_time,2,no,17,3,3,4,no,yes,Yes
693,3,Medium_time,2,yes,17,0,2,0,no,yes,No
694,2,short_time,3,yes,19,3,1,0,yes,no,No
695,2,short_time,2,yes,17,1,4,8,yes,yes,No
696,3,very_long_time,1,yes,15,0,1,5,no,yes,Yes
697,4,long_time,2,yes,17,0,1,0,yes,yes,Yes
698,4,long_time,3,yes,15,0,1,4,no,yes,Yes
699,4,Medium_time,1,yes,21,0,1,0,yes,yes,Yes
700,2,short_time,3,no,19,2,4,12,yes,no,No
701,0,short_time,2,yes,18,0,4,0,yes,yes,No
702,2,short_time,1,yes,17,0,1,2,yes,yes,Yes
703,2,Medium_time,3,yes,18,0,3,8,yes,yes,No
704,2,long_time,4,yes,17,0,4,18,no,yes,Yes
705,3,Medium_time,2,no,15,3,1,0,no,yes,No
706,2,short_time,0,yes,18,0,1,20,no,no,No
707,2,long_time,2,yes,17,0,5,8,yes,yes,Yes
708,2,short_time,1,no,18,1,4,6,yes,no,No
709,1,short_time,1,no,17,1,5,10,yes,yes,No
710,2,short_time,1,yes,17,0,4,0,yes,yes,Yes
711,2,short_time,2,yes,18,0,5,2,yes,yes,No
712,4,Medium_time,4,yes,18,0,1,0,yes,yes,Yes
713,2,Medium_time,2,yes,18,0,4,0,yes,yes,Yes
714,1,Medium_time,2,yes,17,2,4,4,no,no,Yes
715,2,very_long_time,2,yes,16,0,1,0,yes,no,Yes
716,2,short_time,2,yes,16,0,4,14,yes,yes,Yes
717,4,Medium_time,3,yes,16,0,1,0,yes,yes,Yes
718,4,short_time,2,yes,17,0,3,3,no,yes,No
719,4,short_time,3,yes,16,0,4,8,yes,yes,Yes
720,2,Medium_time,3,yes,16,0,1,6,yes,yes,Yes
721,1,short_time,1,no,16,1,3,0,no,yes,No
722,3,short_time,1,yes,16,0,1,14,yes,no,No
723,2,short_time,1,no,18,1,5,8,no,no,No
724,2,short_time,2,yes,16,2,5,2,no,yes,Yes
725,1,Medium_time,2,yes,16,3,2,2,yes,no,No
726,2,Medium_time,3,yes,15,0,4,8,yes,yes,Yes
727,3,Medium_time,4,yes,17,0,4,0,yes,yes,Yes
728,2,long_time,3,yes,15,0,1,6,no,yes,Yes
729,2,short_time,3,yes,19,1,4,0,no,no,No
730,3,short_time,2,yes,18,0,1,13,yes,yes,Yes
731,1,short_time,2,yes,17,3,4,0,yes,yes,Yes
732,3,Medium_time,2,no,16,2,4,4,no,yes,Yes
733,4,short_time,3,yes,18,0,4,8,yes,yes,No
734,2,short_time,2,yes,18,1,2,12,no,yes,No
735,4,Medium_time,3,yes,18,0,1,8,yes,yes,Yes
736,3,short_time,1,no,18,0,1,0,yes,yes,No
737,4,Medium_time,4,yes,15,0,1,0,yes,yes,Yes
738,1,short_time,1,no,17,1,5,6,no,yes,No
739,2,short_time,1,yes,17,1,1,10,yes,no,No
740,3,Medium_time,3,yes,16,0,1,4,yes,yes,Yes
741,4,short_time,3,yes,15,0,2,8,yes,yes,Yes
742,2,short_time,1,yes,20,1,1,28,no,yes,No
743,4,short_time,4,yes,15,0,1,8,no,yes,Yes
744,4,Medium_time,2,yes,20,0,2,0,yes,no,Yes
745,3,long_time,3,no,17,0,4,12,yes,yes,Yes
746,2,long_time,2,yes,18,1,2,2,no,yes,Yes
747,3,Medium_time,1,yes,20,0,3,14,no,yes,Yes
748,1,short_time,2,yes,19,3,5,8,yes,yes,No
749,4,short_time,2,yes,17,0,4,4,yes,yes,Yes
750,1,short_time,2,yes,16,0,2,0,no,no,Yes
751,2,Medium_time,2,yes,16,1,4,3,no,yes,No
752,4,long_time,3,yes,17,0,4,4,no,yes,Yes
753,2,long_time,2,yes,15,1,4,0,no,yes,No
754,1,short_time,1,no,17,1,3,0,no,yes,No
755,2,very_long_time,2,yes,16,0,1,4,yes,yes,Yes
756,3,Medium_time,3,yes,18,0,1,2,yes,yes,Yes
757,2,short_time,4,yes,18,1,3,0,no,yes,No
758,2,Medium_time,4,yes,20,0,1,0,yes,yes,Yes
759,2,short_time,1,no,19,1,5,0,yes,yes,No
760,3,Medium_time,2,yes,16,1,1,6,yes,yes,Yes
761,2,short_time,1,no,20,1,4,16,yes,yes,No
762,2,short_time,3,yes,16,0,1,6,yes,no,Yes
763,2,short_time,2,yes,16,0,1,0,no,yes,Yes
764,4,long_time,3,yes,16,0,1,1,yes,yes,Yes
765,2,short_time,2,yes,15,0,4,0,no,yes,Yes
766,2,short_time,2,yes,16,2,1,0,no,yes,No
767,2,long_time,3,yes,16,0,1,0,yes,yes,Yes
768,2,short_time,2,yes,18,0,2,2,no,no,Yes
769,1,short_time,2,no,17,1,4,14,no,yes,No
770,4,short_time,4,yes,18,0,1,6,no,yes,Yes
771,2,Medium_time,1,yes,16,2,4,6,yes,no,No
772,3,Medium_time,3,yes,17,0,2,2,no,yes,No
773,4,short_time,3,yes,16,0,4,0,yes,yes,Yes
774,4,short_time,3,no,17,0,3,6,yes,yes,Yes
775,2,long_time,2,yes,15,0,4,6,yes,yes,Yes
776,2,short_time,3,yes,16,0,1,8,yes,yes,Yes
777,4,very_long_time,3,yes,16,0,1,0,yes,yes,Yes
778,1,short_time,3,yes,17,1,1,40,no,yes,No
779,2,short_time,2,yes,16,1,1,9,yes,no,No
780,1,short_time,1,yes,18,1,2,22,no,yes,No
781,1,short_time,1,no,18,2,4,12,yes,yes,No
782,4,long_time,3,yes,15,0,1,2,yes,yes,Yes
783,2,Medium_time,4,yes,18,0,1,0,no,yes,Yes
784,2,short_time,1,yes,16,0,4,6,yes,no,Yes
785,2,Medium_time,4,yes,17,0,2,2,no,yes,Yes
786,1,short_time,1,no,17,1,3,0,yes,yes,No
787,1,short_time,2,no,19,3,4,4,yes,no,No
788,1,short_time,1,no,19,3,2,14,no,no,No
789,3,Medium_time,4,yes,16,0,4,4,yes,yes,Yes
790,2,Medium_time,2,yes,18,0,5,5,yes,yes,No
791,2,short_time,2,yes,16,1,1,14,no,no,No
792,2,short_time,2,yes,18,0,4,2,no,yes,Yes
793,4,long_time,4,yes,16,0,2,10,yes,yes,Yes
794,3,short_time,2,yes,17,0,4,6,yes,yes,Yes
795,2,short_time,2,yes,18,0,1,8,yes,yes,Yes
796,1,short_time,1,yes,16,0,4,1,yes,no,No
797,2,short_time,2,no,15,0,5,5,yes,yes,No
798,2,short_time,2,yes,19,1,1,0,no,no,Yes
799,3,Medium_time,2,yes,17,0,1,6,no,yes,Yes
800,4,short_time,2,yes,16,0,1,14,no,no,Yes
801,2,short_time,1,yes,16,0,3,2,yes,yes,No
802,4,very_long_time,3,yes,15,0,1,0,yes,yes,Yes
803,2,very_long_time,2,yes,17,0,1,0,yes,yes,Yes
804,3,long_time,3,yes,16,0,3,0,yes,yes,No
805,1,short_time,2,no,18,2,5,26,yes,yes,No
806,4,Medium_time,3,yes,17,1,4,5,yes,yes,No
807,2,short_time,2,yes,17,0,4,4,yes,no,No
808,4,Medium_time,4,yes,16,0,1,2,yes,yes,Yes
809,1,short_time,2,yes,16,0,5,40,yes,no,Yes
810,2,Medium_time,2,yes,16,1,5,0,no,no,Yes
811,2,Medium_time,2,no,19,2,1,8,yes,yes,No
812,2,short_time,3,no,19,1,1,14,yes,no,No
813,3,short_time,1,yes,17,1,4,3,yes,yes,No
814,1,short_time,1,no,16,1,4,8,no,yes,No
815,2,Medium_time,3,yes,18,0,1,0,no,yes,Yes
816,2,Medium_time,2,yes,16,1,1,0,yes,yes,No
817,2,long_time,1,no,17,1,1,8,no,yes,No
818,2,short_time,3,yes,16,0,1,8,yes,yes,Yes
819,1,short_time,3,no,19,3,4,16,no,yes,No
820,2,long_time,3,yes,18,0,4,4,yes,yes,Yes
821,2,Medium_time,2,yes,16,1,4,28,no,yes,No
822,2,long_time,3,yes,17,0,1,0,no,yes,Yes
823,2,short_time,2,yes,18,1,3,4,no,yes,No
824,3,short_time,1,no,18,3,4,16,no,yes,No
825,2,short_time,4,yes,17,0,1,5,yes,no,No
826,4,Medium_time,2,no,19,1,2,6,no,yes,No
827,2,Medium_time,2,yes,18,1,4,8,no,no,No
828,4,short_time,2,yes,16,0,2,8,yes,yes,Yes
829,2,Medium_time,1,yes,16,0,1,2,yes,yes,Yes
830,2,Medium_time,2,yes,18,0,2,0,no,no,No
831,2,short_time,1,yes,18,0,3,0,yes,yes,Yes
832,2,short_time,1,no,16,2,4,11,yes,yes,No
833,2,short_time,1,no,17,2,4,18,yes,yes,Yes
834,3,short_time,3,yes,17,1,3,0,yes,yes,No
835,1,short_time,1,no,17,0,4,2,no,yes,No
836,3,short_time,1,no,18,3,4,0,no,yes,No
837,4,long_time,3,yes,16,0,1,0,no,yes,Yes
838,1,short_time,1,no,18,1,4,12,no,no,No
839,2,Medium_time,2,yes,16,0,4,0,yes,no,Yes
840,3,Medium_time,1,yes,16,0,2,11,yes,no,Yes
841,3,short_time,4,yes,18,0,1,0,no,yes,Yes
842,1,short_time,2,yes,19,0,2,75,yes,yes,No
843,4,long_time,4,yes,17,0,4,0,yes,yes,Yes
844,3,very_long_time,3,yes,18,0,1,0,no,yes,Yes
845,2,short_time,4,yes,17,0,1,2,no,yes,No
846,4,Medium_time,1,yes,15,0,4,6,yes,yes,Yes
847,4,long_time,4,yes,18,0,1,8,yes,yes,Yes
848,1,Medium_time,2,yes,18,0,3,0,no,no,Yes
849,2,short_time,3,yes,16,0,1,4,no,yes,Yes
850,0,Medium_time,3,yes,16,2,2,0,yes,yes,Yes
851,2,very_long_time,2,yes,15,0,1,6,no,yes,Yes
852,2,Medium_time,3,yes,16,0,4,4,yes,yes,Yes
853,4,short_time,4,yes,16,0,1,0,yes,yes,Yes
854,4,long_time,3,yes,17,0,3,8,yes,yes,No
855,2,Medium_time,2,yes,16,0,1,0,yes,yes,Yes
856,4,long_time,2,yes,17,0,1,2,yes,yes,Yes
857,4,Medium_time,3,yes,17,0,1,6,no,yes,Yes
858,2,Medium_time,2,yes,18,0,5,2,yes,yes,Yes
859,4,long_time,3,yes,18,0,1,2,yes,yes,Yes
860,2,long_time,3,yes,16,0,1,2,no,yes,Yes
861,1,short_time,1,yes,18,2,4,12,yes,no,No
862,2,Medium_time,2,yes,17,1,1,2,yes,yes,No
863,3,Medium_time,4,yes,15,0,4,0,no,yes,No
864,3,short_time,3,yes,17,0,1,0,yes,yes,No
865,2,long_time,1,yes,16,0,2,0,no,yes,Yes
866,4,Medium_time,3,yes,15,0,1,0,yes,yes,Yes
867,2,short_time,2,yes,18,2,1,5,yes,yes,Yes
868,1,short_time,1,no,17,1,5,8,yes,yes,No
869,2,Medium_time,3,yes,16,0,4,8,yes,yes,Yes
870,4,Medium_time,3,yes,18,0,1,6,yes,yes,Yes
871,2,short_time,1,no,19,1,1,0,no,yes,No
872,3,Medium_time,2,yes,18,0,1,0,no,yes,Yes
873,2,short_time,2,yes,15,0,1,4,no,yes,Yes
874,2,short_time,4,yes,17,0,2,8,yes,yes,No
875,4,short_time,3,yes,15,0,1,6,yes,yes,Yes
876,2,short_time,2,yes,18,1,4,6,yes,no,Yes
877,4,Medium_time,3,yes,17,0,2,2,yes,yes,Yes
878,4,short_time,2,yes,16,0,1,10,yes,yes,Yes
879,2,short_time,1,no,17,1,2,16,yes,no,No
880,2,short_time,2,yes,15,0,1,1,yes,yes,Yes
881,3,very_long_time,3,yes,16,0,1,21,no,yes,No
882,4,short_time,3,yes,17,0,4,0,yes,yes,Yes
883,2,short_time,4,yes,17,0,3,0,yes,yes,Yes
884,3,long_time,3,yes,16,0,2,0,no,yes,Yes
885,3,Medium_time,3,yes,16,0,3,4,no,yes,Yes
886,4,Medium_time,2,yes,16,0,1,4,no,no,Yes
887,4,Medium_time,2,yes,18,0,1,0,yes,yes,Yes
888,4,short_time,3,yes,16,0,1,2,yes,yes,Yes
889,1,short_time,1,no,18,1,3,8,yes,yes,No
890,4,short_time,2,yes,17,0,1,0,yes,yes,Yes
891,4,short_time,2,yes,16,0,1,7,yes,yes,No
892,1,short_time,1,yes,18,3,4,2,yes,yes,No
893,2,short_time,2,yes,16,0,1,2,yes,yes,Yes
894,4,very_long_time,2,yes,15,0,1,0,yes,yes,Yes
895,3,short_time,2,yes,17,0,4,8,no,yes,No
896,1,short_time,1,no,18,1,5,5,yes,yes,No
897,1,Medium_time,1,no,19,1,3,0,yes,no,No
898,2,short_time,2,yes,16,0,4,40,yes,yes,Yes
899,4,long_time,4,yes,15,0,3,6,yes,yes,Yes
900,4,very_long_time,2,yes,16,0,4,6,yes,yes,Yes
901,1,short_time,0,no,21,1,1,8,yes,yes,No
902,2,short_time,2,yes,18,0,4,8,yes,yes,Yes
903,3,Medium_time,4,yes,17,0,4,0,yes,yes,Yes
904,2,short_time,3,yes,15,0,1,6,no,yes,Yes
905,2,Medium_time,2,yes,20,3,4,0,yes,yes,Yes
906,1,short_time,1,no,17,1,1,2,no,yes,No
907,2,Medium_time,1,yes,20,1,1,10,no,yes,Yes
908,3,short_time,3,no,16,1,5,14,yes,yes,No
909,2,Medium_time,2,no,18,1,2,0,no,no,No
910,3,Medium_time,3,yes,17,0,2,0,yes,yes,No
911,2,short_time,3,yes,17,0,4,2,yes,yes,Yes
912,3,Medium_time,2,yes,18,0,4,8,no,yes,Yes
913,2,long_time,3,yes,17,0,1,6,yes,yes,Yes
914,2,Medium_time,2,yes,16,0,2,8,yes,yes,Yes
915,3,long_time,3,yes,16,0,1,6,no,no,Yes
916,2,short_time,2,yes,17,1,4,0,yes,yes,No
917,4,long_time,3,yes,15,0,1,0,yes,yes,Yes
918,1,short_time,1,no,16,1,4,0,no,no,No
919,4,long_time,2,yes,15,0,4,0,yes,yes,Yes
920,1,short_time,1,yes,17,1,4,8,yes,yes,No
921,3,short_time,2,yes,18,0,4,10,yes,yes,Yes
922,2,short_time,1,yes,19,1,4,17,yes,yes,No
923,2,short_time,1,yes,17,3,2,2,no,no,Yes
924,2,short_time,3,yes,16,0,2,4,yes,yes,Yes
925,2,short_time,3,yes,17,2,4,4,no,yes,Yes
926,4,very_long_time,4,yes,16,0,2,0,yes,yes,Yes
927,2,short_time,2,yes,18,0,1,10,yes,yes,No
928,3,short_time,3,yes,18,0,1,0,no,no,Yes
929,2,Medium_time,2,yes,17,0,2,0,no,yes,Yes
930,2,Medium_time,2,yes,15,0,1,6,yes,yes,Yes
931,2,short_time,2,yes,16,0,1,0,yes,yes,Yes
932,4,short_time,3,yes,18,1,4,5,yes,yes,No
933,1,short_time,1,no,20,3,1,8,no,yes,No
934,2,Medium_time,1,yes,16,0,1,0,yes,yes,Yes
935,2,short_time,2,no,17,1,4,12,yes,no,No
936,3,long_time,1,yes,16,1,1,0,no,yes,Yes
937,4,Medium_time,3,yes,16,0,4,6,yes,yes,No
938,2,short_time,1,no,19,1,4,16,yes,yes,No
939,4,Medium_time,4,yes,18,0,1,1,yes,yes,Yes
940,3,very_long_time,3,yes,16,0,1,0,yes,yes,Yes
941,4,short_time,1,no,19,2,1,8,yes,yes,No
942,3,long_time,3,yes,16,0,1,6,yes,yes,Yes
943,0,short_time,2,no,21,1,3,0,yes,yes,No
944,1,short_time,1,no,17,1,5,14,yes,yes,No
945,1,short_time,1,no,19,3,4,0,no,no,No
946,2,short_time,3,yes,15,0,4,5,no,yes,Yes
947,1,Medium_time,1,yes,17,0,1,0,no,yes,No
948,1,short_time,1,no,19,2,5,16,yes,yes,No
949,4,short_time,3,yes,18,0,1,0,yes,yes,No
950,1,short_time,1,no,19,1,3,0,no,no,No
951,4,very_long_time,2,yes,15,0,3,0,yes,yes,Yes
952,3,short_time,3,yes,15,1,4,0,yes,yes,No
953,4,short_time,3,yes,17,0,1,4,yes,yes,Yes
954,4,short_time,3,yes,16,0,1,0,yes,yes,No
955,3,very_long_time,2,no,17,1,1,8,yes,yes,No
956,4,Medium_time,2,yes,16,0,4,6,yes,yes,Yes
957,2,short_time,2,no,17,1,2,14,no,yes,Yes
958,2,short_time,2,no,16,0,1,14,yes,yes,Yes
959,2,Medium_time,2,yes,18,2,2,16,no,yes,Yes
960,1,short_time,1,yes,17,1,4,11,yes,yes,No
961,2,short_time,4,yes,15,0,1,0,yes,yes,Yes
962,2,short_time,4,yes,16,0,1,11,yes,yes,Yes
963,4,Medium_time,3,yes,15,0,2,0,no,no,Yes
964,2,Medium_time,2,yes,16,0,1,0,yes,yes,No
965,3,long_time,3,yes,16,0,2,4,yes,yes,Yes
966,1,short_time,2,no,19,3,4,6,yes,yes,No
967,1,short_time,1,yes,17,0,1,6,no,yes,No
968,4,Medium_time,0,yes,16,0,4,0,yes,yes,Yes
969,4,long_time,3,yes,18,1,2,0,yes,yes,No
970,2,short_time,1,no,18,1,2,0,no,yes,No
971,4,long_time,4,yes,15,0,1,4,yes,yes,Yes
972,4,Medium_time,3,yes,15,0,1,4,no,yes,Yes
973,2,Medium_time,2,yes,16,0,1,4,no,yes,Yes
974,2,short_time,3,yes,15,0,1,2,yes,yes,Yes
975,2,short_time,4,yes,16,0,2,7,yes,yes,Yes
976,3,short_time,2,yes,18,0,1,32,yes,yes,Yes
977,4,Medium_time,4,yes,18,0,1,7,yes,yes,Yes
978,2,very_long_time,3,yes,16,0,2,2,yes,yes,Yes
979,4,very_long_time,3,yes,16,0,1,0,yes,yes,Yes
980,4,long_time,4,yes,17,0,1,0,yes,yes,Yes
981,2,Medium_time,3,yes,15,0,2,8,no,yes,No
982,4,Medium_time,3,yes,16,0,1,0,no,yes,Yes
983,1,short_time,1,no,19,2,5,0,no,yes,No
984,2,long_time,2,yes,15,0,3,4,no,yes,Yes
985,3,very_long_time,2,yes,17,0,1,6,yes,yes,Yes
986,2,short_time,1,yes,15,1,2,8,yes,yes,No
987,4,long_time,3,yes,16,0,1,0,no,yes,Yes
988,3,short_time,2,yes,16,0,1,6,yes,yes,Yes
989,2,Medium_time,2,yes,22,1,1,2,no,yes,Yes
990,2,Medium_time,2,yes,16,0,1,0,no,yes,Yes
991,2,very_long_time,3,yes,15,0,1,2,yes,yes,Yes
992,4,Medium_time,2,yes,16,0,1,0,yes,yes,Yes
993,2,short_time,2,no,16,2,1,21,yes,yes,No
994,2,short_time,2,yes,16,0,5,2,yes,yes,Yes
995,2,Medium_time,3,yes,17,2,1,12,no,yes,No
996,2,short_time,2,yes,15,0,1,9,yes,yes,Yes
997,2,short_time,3,yes,16,0,3,0,yes,yes,Yes
998,3,very_long_time,2,yes,16,0,1,10,yes,yes,Yes
999,2,short_time,2,yes,18,0,1,2,yes,yes,Yes
